key,value,date
Muse,0,2008-8
Muse,0,2008-9
Muse,0,2008-10
Muse,0,2008-11
Muse,0,2008-12
Muse,0,2009-1
Muse,0,2009-2
Muse,0,2009-3
Muse,0,2009-4
Muse,0,2009-5
Muse,0,2009-6
Muse,0,2009-7
Muse,10,2009-8
Muse,0,2009-9
Muse,0,2009-10
Muse,0,2009-11
Muse,0,2009-12
Muse,0,2010-1
Muse,0,2010-2
Muse,0,2010-3
Muse,0,2010-4
Muse,0,2010-5
Muse,0,2010-6
Muse,0,2010-7
Muse,0,2010-8
Muse,0,2010-9
Muse,0,2010-10
Muse,43,2010-11
Muse,203,2010-12
Muse,169,2011-1
Muse,43,2011-2
Muse,40,2011-3
Muse,70,2011-4
Muse,65,2011-5
Muse,71,2011-6
Muse,32,2011-7
Muse,19,2011-8
Muse,43,2011-9
Muse,35,2011-10
Muse,34,2011-11
Muse,102,2011-12
Muse,17,2012-1
Muse,66,2012-2
Muse,30,2012-3
Muse,56,2012-4
Muse,30,2012-5
Muse,62,2012-6
Muse,84,2012-7
Muse,15,2012-8
Muse,42,2012-9
Muse,33,2012-10
Muse,8,2012-11
Muse,18,2012-12
Muse,21,2013-1
Muse,28,2013-2
Muse,0,2013-3
Muse,17,2013-4
Muse,15,2013-5
Muse,15,2013-6
Muse,0,2013-7
Muse,5,2013-8
Muse,17,2013-9
Muse,1,2013-10
Muse,11,2013-11
Muse,27,2013-12
Muse,10,2014-1
Muse,12,2014-2
Muse,19,2014-3
Muse,4,2014-4
Muse,4,2014-5
Muse,0,2014-6
Muse,0,2014-7
Muse,0,2014-8
Muse,5,2014-9
Muse,0,2014-10
Muse,0,2014-11
Muse,0,2014-12
MGMT,0,2008-8
MGMT,0,2008-9
MGMT,0,2008-10
MGMT,0,2008-11
MGMT,0,2008-12
MGMT,0,2009-1
MGMT,0,2009-2
MGMT,0,2009-3
MGMT,0,2009-4
MGMT,0,2009-5
MGMT,0,2009-6
MGMT,0,2009-7
MGMT,1,2009-8
MGMT,0,2009-9
MGMT,0,2009-10
MGMT,0,2009-11
MGMT,0,2009-12
MGMT,0,2010-1
MGMT,0,2010-2
MGMT,0,2010-3
MGMT,0,2010-4
MGMT,0,2010-5
MGMT,0,2010-6
MGMT,0,2010-7
MGMT,0,2010-8
MGMT,0,2010-9
MGMT,0,2010-10
MGMT,48,2010-11
MGMT,103,2010-12
MGMT,116,2011-1
MGMT,109,2011-2
MGMT,86,2011-3
MGMT,42,2011-4
MGMT,51,2011-5
MGMT,28,2011-6
MGMT,19,2011-7
MGMT,64,2011-8
MGMT,34,2011-9
MGMT,10,2011-10
MGMT,15,2011-11
MGMT,3,2011-12
MGMT,20,2012-1
MGMT,18,2012-2
MGMT,6,2012-3
MGMT,24,2012-4
MGMT,41,2012-5
MGMT,82,2012-6
MGMT,24,2012-7
MGMT,8,2012-8
MGMT,4,2012-9
MGMT,8,2012-10
MGMT,5,2012-11
MGMT,1,2012-12
MGMT,0,2013-1
MGMT,9,2013-2
MGMT,1,2013-3
MGMT,0,2013-4
MGMT,6,2013-5
MGMT,0,2013-6
MGMT,5,2013-7
MGMT,2,2013-8
MGMT,42,2013-9
MGMT,18,2013-10
MGMT,12,2013-11
MGMT,9,2013-12
MGMT,18,2014-1
MGMT,24,2014-2
MGMT,8,2014-3
MGMT,12,2014-4
MGMT,0,2014-5
MGMT,0,2014-6
MGMT,0,2014-7
MGMT,0,2014-8
MGMT,2,2014-9
MGMT,0,2014-10
MGMT,0,2014-11
MGMT,0,2014-12
alt-J,0,2008-8
alt-J,0,2008-9
alt-J,0,2008-10
alt-J,0,2008-11
alt-J,0,2008-12
alt-J,0,2009-1
alt-J,0,2009-2
alt-J,0,2009-3
alt-J,0,2009-4
alt-J,0,2009-5
alt-J,0,2009-6
alt-J,0,2009-7
alt-J,0,2009-8
alt-J,0,2009-9
alt-J,0,2009-10
alt-J,0,2009-11
alt-J,0,2009-12
alt-J,0,2010-1
alt-J,0,2010-2
alt-J,0,2010-3
alt-J,0,2010-4
alt-J,0,2010-5
alt-J,0,2010-6
alt-J,0,2010-7
alt-J,0,2010-8
alt-J,0,2010-9
alt-J,0,2010-10
alt-J,0,2010-11
alt-J,0,2010-12
alt-J,0,2011-1
alt-J,0,2011-2
alt-J,0,2011-3
alt-J,0,2011-4
alt-J,0,2011-5
alt-J,0,2011-6
alt-J,0,2011-7
alt-J,0,2011-8
alt-J,0,2011-9
alt-J,0,2011-10
alt-J,0,2011-11
alt-J,0,2011-12
alt-J,0,2012-1
alt-J,0,2012-2
alt-J,0,2012-3
alt-J,0,2012-4
alt-J,0,2012-5
alt-J,0,2012-6
alt-J,0,2012-7
alt-J,0,2012-8
alt-J,0,2012-9
alt-J,0,2012-10
alt-J,0,2012-11
alt-J,0,2012-12
alt-J,0,2013-1
alt-J,1,2013-2
alt-J,0,2013-3
alt-J,0,2013-4
alt-J,0,2013-5
alt-J,0,2013-6
alt-J,0,2013-7
alt-J,0,2013-8
alt-J,0,2013-9
alt-J,0,2013-10
alt-J,0,2013-11
alt-J,0,2013-12
alt-J,0,2014-1
alt-J,0,2014-2
alt-J,0,2014-3
alt-J,0,2014-4
alt-J,41,2014-5
alt-J,64,2014-6
alt-J,36,2014-7
alt-J,42,2014-8
alt-J,161,2014-9
alt-J,46,2014-10
alt-J,40,2014-11
alt-J,37,2014-12
The National,0,2008-8
The National,0,2008-9
The National,0,2008-10
The National,0,2008-11
The National,0,2008-12
The National,0,2009-1
The National,0,2009-2
The National,0,2009-3
The National,0,2009-4
The National,0,2009-5
The National,0,2009-6
The National,0,2009-7
The National,1,2009-8
The National,0,2009-9
The National,0,2009-10
The National,0,2009-11
The National,0,2009-12
The National,0,2010-1
The National,0,2010-2
The National,0,2010-3
The National,0,2010-4
The National,0,2010-5
The National,0,2010-6
The National,0,2010-7
The National,0,2010-8
The National,0,2010-9
The National,0,2010-10
The National,1,2010-11
The National,69,2010-12
The National,21,2011-1
The National,3,2011-2
The National,0,2011-3
The National,3,2011-4
The National,6,2011-5
The National,21,2011-6
The National,19,2011-7
The National,37,2011-8
The National,0,2011-9
The National,0,2011-10
The National,0,2011-11
The National,0,2011-12
The National,0,2012-1
The National,0,2012-2
The National,0,2012-3
The National,2,2012-4
The National,1,2012-5
The National,0,2012-6
The National,7,2012-7
The National,0,2012-8
The National,0,2012-9
The National,0,2012-10
The National,0,2012-11
The National,0,2012-12
The National,0,2013-1
The National,0,2013-2
The National,0,2013-3
The National,0,2013-4
The National,5,2013-5
The National,10,2013-6
The National,0,2013-7
The National,2,2013-8
The National,1,2013-9
The National,0,2013-10
The National,0,2013-11
The National,0,2013-12
The National,2,2014-1
The National,0,2014-2
The National,5,2014-3
The National,18,2014-4
The National,22,2014-5
The National,0,2014-6
The National,38,2014-7
The National,53,2014-8
The National,18,2014-9
The National,8,2014-10
The National,12,2014-11
The National,66,2014-12
Tame Impala,0,2008-8
Tame Impala,0,2008-9
Tame Impala,0,2008-10
Tame Impala,0,2008-11
Tame Impala,0,2008-12
Tame Impala,0,2009-1
Tame Impala,0,2009-2
Tame Impala,0,2009-3
Tame Impala,0,2009-4
Tame Impala,0,2009-5
Tame Impala,0,2009-6
Tame Impala,0,2009-7
Tame Impala,0,2009-8
Tame Impala,0,2009-9
Tame Impala,0,2009-10
Tame Impala,0,2009-11
Tame Impala,0,2009-12
Tame Impala,0,2010-1
Tame Impala,0,2010-2
Tame Impala,0,2010-3
Tame Impala,0,2010-4
Tame Impala,0,2010-5
Tame Impala,0,2010-6
Tame Impala,0,2010-7
Tame Impala,0,2010-8
Tame Impala,0,2010-9
Tame Impala,0,2010-10
Tame Impala,0,2010-11
Tame Impala,9,2010-12
Tame Impala,63,2011-1
Tame Impala,2,2011-2
Tame Impala,1,2011-3
Tame Impala,0,2011-4
Tame Impala,0,2011-5
Tame Impala,1,2011-6
Tame Impala,0,2011-7
Tame Impala,0,2011-8
Tame Impala,0,2011-9
Tame Impala,3,2011-10
Tame Impala,0,2011-11
Tame Impala,4,2011-12
Tame Impala,0,2012-1
Tame Impala,0,2012-2
Tame Impala,0,2012-3
Tame Impala,0,2012-4
Tame Impala,0,2012-5
Tame Impala,7,2012-6
Tame Impala,0,2012-7
Tame Impala,0,2012-8
Tame Impala,0,2012-9
Tame Impala,0,2012-10
Tame Impala,0,2012-11
Tame Impala,3,2012-12
Tame Impala,20,2013-1
Tame Impala,5,2013-2
Tame Impala,2,2013-3
Tame Impala,38,2013-4
Tame Impala,3,2013-5
Tame Impala,6,2013-6
Tame Impala,1,2013-7
Tame Impala,0,2013-8
Tame Impala,0,2013-9
Tame Impala,0,2013-10
Tame Impala,2,2013-11
Tame Impala,0,2013-12
Tame Impala,2,2014-1
Tame Impala,80,2014-2
Tame Impala,91,2014-3
Tame Impala,13,2014-4
Tame Impala,0,2014-5
Tame Impala,3,2014-6
Tame Impala,23,2014-7
Tame Impala,13,2014-8
Tame Impala,10,2014-9
Tame Impala,0,2014-10
Tame Impala,0,2014-11
Tame Impala,1,2014-12
of Montreal,0,2008-8
of Montreal,0,2008-9
of Montreal,0,2008-10
of Montreal,0,2008-11
of Montreal,0,2008-12
of Montreal,0,2009-1
of Montreal,0,2009-2
of Montreal,0,2009-3
of Montreal,0,2009-4
of Montreal,0,2009-5
of Montreal,0,2009-6
of Montreal,0,2009-7
of Montreal,0,2009-8
of Montreal,0,2009-9
of Montreal,0,2009-10
of Montreal,0,2009-11
of Montreal,0,2009-12
of Montreal,0,2010-1
of Montreal,0,2010-2
of Montreal,0,2010-3
of Montreal,0,2010-4
of Montreal,0,2010-5
of Montreal,0,2010-6
of Montreal,0,2010-7
of Montreal,0,2010-8
of Montreal,0,2010-9
of Montreal,0,2010-10
of Montreal,5,2010-11
of Montreal,45,2010-12
of Montreal,5,2011-1
of Montreal,6,2011-2
of Montreal,11,2011-3
of Montreal,3,2011-4
of Montreal,2,2011-5
of Montreal,10,2011-6
of Montreal,4,2011-7
of Montreal,0,2011-8
of Montreal,1,2011-9
of Montreal,1,2011-10
of Montreal,0,2011-11
of Montreal,6,2011-12
of Montreal,1,2012-1
of Montreal,0,2012-2
of Montreal,6,2012-3
of Montreal,31,2012-4
of Montreal,12,2012-5
of Montreal,19,2012-6
of Montreal,20,2012-7
of Montreal,3,2012-8
of Montreal,0,2012-9
of Montreal,10,2012-10
of Montreal,4,2012-11
of Montreal,4,2012-12
of Montreal,0,2013-1
of Montreal,0,2013-2
of Montreal,1,2013-3
of Montreal,0,2013-4
of Montreal,0,2013-5
of Montreal,0,2013-6
of Montreal,0,2013-7
of Montreal,0,2013-8
of Montreal,1,2013-9
of Montreal,0,2013-10
of Montreal,0,2013-11
of Montreal,0,2013-12
of Montreal,2,2014-1
of Montreal,0,2014-2
of Montreal,11,2014-3
of Montreal,0,2014-4
of Montreal,0,2014-5
of Montreal,0,2014-6
of Montreal,0,2014-7
of Montreal,18,2014-8
of Montreal,12,2014-9
of Montreal,18,2014-10
of Montreal,9,2014-11
of Montreal,74,2014-12
Beach House,0,2008-8
Beach House,0,2008-9
Beach House,0,2008-10
Beach House,0,2008-11
Beach House,0,2008-12
Beach House,0,2009-1
Beach House,0,2009-2
Beach House,0,2009-3
Beach House,0,2009-4
Beach House,0,2009-5
Beach House,0,2009-6
Beach House,0,2009-7
Beach House,0,2009-8
Beach House,0,2009-9
Beach House,0,2009-10
Beach House,0,2009-11
Beach House,0,2009-12
Beach House,0,2010-1
Beach House,0,2010-2
Beach House,0,2010-3
Beach House,0,2010-4
Beach House,0,2010-5
Beach House,0,2010-6
Beach House,0,2010-7
Beach House,0,2010-8
Beach House,0,2010-9
Beach House,0,2010-10
Beach House,2,2010-11
Beach House,9,2010-12
Beach House,9,2011-1
Beach House,2,2011-2
Beach House,0,2011-3
Beach House,0,2011-4
Beach House,2,2011-5
Beach House,4,2011-6
Beach House,1,2011-7
Beach House,0,2011-8
Beach House,11,2011-9
Beach House,0,2011-10
Beach House,0,2011-11
Beach House,2,2011-12
Beach House,5,2012-1
Beach House,6,2012-2
Beach House,3,2012-3
Beach House,8,2012-4
Beach House,11,2012-5
Beach House,12,2012-6
Beach House,14,2012-7
Beach House,8,2012-8
Beach House,4,2012-9
Beach House,0,2012-10
Beach House,4,2012-11
Beach House,0,2012-12
Beach House,0,2013-1
Beach House,1,2013-2
Beach House,13,2013-3
Beach House,17,2013-4
Beach House,0,2013-5
Beach House,7,2013-6
Beach House,0,2013-7
Beach House,7,2013-8
Beach House,2,2013-9
Beach House,1,2013-10
Beach House,8,2013-11
Beach House,0,2013-12
Beach House,4,2014-1
Beach House,9,2014-2
Beach House,20,2014-3
Beach House,21,2014-4
Beach House,19,2014-5
Beach House,23,2014-6
Beach House,24,2014-7
Beach House,52,2014-8
Beach House,10,2014-9
Beach House,7,2014-10
Beach House,1,2014-11
Beach House,30,2014-12
Arcade Fire,0,2008-8
Arcade Fire,0,2008-9
Arcade Fire,0,2008-10
Arcade Fire,0,2008-11
Arcade Fire,0,2008-12
Arcade Fire,0,2009-1
Arcade Fire,0,2009-2
Arcade Fire,0,2009-3
Arcade Fire,0,2009-4
Arcade Fire,0,2009-5
Arcade Fire,0,2009-6
Arcade Fire,0,2009-7
Arcade Fire,0,2009-8
Arcade Fire,0,2009-9
Arcade Fire,0,2009-10
Arcade Fire,0,2009-11
Arcade Fire,0,2009-12
Arcade Fire,0,2010-1
Arcade Fire,0,2010-2
Arcade Fire,0,2010-3
Arcade Fire,0,2010-4
Arcade Fire,0,2010-5
Arcade Fire,0,2010-6
Arcade Fire,0,2010-7
Arcade Fire,0,2010-8
Arcade Fire,0,2010-9
Arcade Fire,0,2010-10
Arcade Fire,5,2010-11
Arcade Fire,73,2010-12
Arcade Fire,60,2011-1
Arcade Fire,42,2011-2
Arcade Fire,36,2011-3
Arcade Fire,4,2011-4
Arcade Fire,6,2011-5
Arcade Fire,24,2011-6
Arcade Fire,22,2011-7
Arcade Fire,9,2011-8
Arcade Fire,3,2011-9
Arcade Fire,16,2011-10
Arcade Fire,0,2011-11
Arcade Fire,5,2011-12
Arcade Fire,0,2012-1
Arcade Fire,0,2012-2
Arcade Fire,4,2012-3
Arcade Fire,4,2012-4
Arcade Fire,23,2012-5
Arcade Fire,0,2012-6
Arcade Fire,11,2012-7
Arcade Fire,0,2012-8
Arcade Fire,0,2012-9
Arcade Fire,0,2012-10
Arcade Fire,0,2012-11
Arcade Fire,0,2012-12
Arcade Fire,0,2013-1
Arcade Fire,0,2013-2
Arcade Fire,0,2013-3
Arcade Fire,0,2013-4
Arcade Fire,0,2013-5
Arcade Fire,0,2013-6
Arcade Fire,0,2013-7
Arcade Fire,2,2013-8
Arcade Fire,0,2013-9
Arcade Fire,6,2013-10
Arcade Fire,12,2013-11
Arcade Fire,0,2013-12
Arcade Fire,2,2014-1
Arcade Fire,7,2014-2
Arcade Fire,18,2014-3
Arcade Fire,0,2014-4
Arcade Fire,10,2014-5
Arcade Fire,3,2014-6
Arcade Fire,0,2014-7
Arcade Fire,0,2014-8
Arcade Fire,3,2014-9
Arcade Fire,0,2014-10
Arcade Fire,0,2014-11
Arcade Fire,0,2014-12
Warpaint,0,2008-8
Warpaint,0,2008-9
Warpaint,0,2008-10
Warpaint,0,2008-11
Warpaint,0,2008-12
Warpaint,0,2009-1
Warpaint,0,2009-2
Warpaint,0,2009-3
Warpaint,0,2009-4
Warpaint,0,2009-5
Warpaint,0,2009-6
Warpaint,0,2009-7
Warpaint,0,2009-8
Warpaint,0,2009-9
Warpaint,0,2009-10
Warpaint,0,2009-11
Warpaint,0,2009-12
Warpaint,0,2010-1
Warpaint,0,2010-2
Warpaint,0,2010-3
Warpaint,0,2010-4
Warpaint,0,2010-5
Warpaint,0,2010-6
Warpaint,0,2010-7
Warpaint,0,2010-8
Warpaint,0,2010-9
Warpaint,0,2010-10
Warpaint,0,2010-11
Warpaint,0,2010-12
Warpaint,0,2011-1
Warpaint,40,2011-2
Warpaint,3,2011-3
Warpaint,4,2011-4
Warpaint,0,2011-5
Warpaint,0,2011-6
Warpaint,0,2011-7
Warpaint,0,2011-8
Warpaint,0,2011-9
Warpaint,0,2011-10
Warpaint,2,2011-11
Warpaint,0,2011-12
Warpaint,3,2012-1
Warpaint,2,2012-2
Warpaint,3,2012-3
Warpaint,10,2012-4
Warpaint,2,2012-5
Warpaint,2,2012-6
Warpaint,1,2012-7
Warpaint,2,2012-8
Warpaint,1,2012-9
Warpaint,1,2012-10
Warpaint,0,2012-11
Warpaint,1,2012-12
Warpaint,0,2013-1
Warpaint,0,2013-2
Warpaint,0,2013-3
Warpaint,0,2013-4
Warpaint,0,2013-5
Warpaint,4,2013-6
Warpaint,0,2013-7
Warpaint,1,2013-8
Warpaint,0,2013-9
Warpaint,3,2013-10
Warpaint,4,2013-11
Warpaint,0,2013-12
Warpaint,21,2014-1
Warpaint,21,2014-2
Warpaint,32,2014-3
Warpaint,17,2014-4
Warpaint,42,2014-5
Warpaint,22,2014-6
Warpaint,43,2014-7
Warpaint,50,2014-8
Warpaint,32,2014-9
Warpaint,17,2014-10
Warpaint,0,2014-11
Warpaint,0,2014-12
Belle and Sebastian,0,2008-8
Belle and Sebastian,0,2008-9
Belle and Sebastian,0,2008-10
Belle and Sebastian,0,2008-11
Belle and Sebastian,0,2008-12
Belle and Sebastian,0,2009-1
Belle and Sebastian,0,2009-2
Belle and Sebastian,0,2009-3
Belle and Sebastian,0,2009-4
Belle and Sebastian,0,2009-5
Belle and Sebastian,0,2009-6
Belle and Sebastian,0,2009-7
Belle and Sebastian,0,2009-8
Belle and Sebastian,0,2009-9
Belle and Sebastian,0,2009-10
Belle and Sebastian,0,2009-11
Belle and Sebastian,0,2009-12
Belle and Sebastian,0,2010-1
Belle and Sebastian,0,2010-2
Belle and Sebastian,0,2010-3
Belle and Sebastian,0,2010-4
Belle and Sebastian,0,2010-5
Belle and Sebastian,0,2010-6
Belle and Sebastian,0,2010-7
Belle and Sebastian,0,2010-8
Belle and Sebastian,0,2010-9
Belle and Sebastian,0,2010-10
Belle and Sebastian,0,2010-11
Belle and Sebastian,0,2010-12
Belle and Sebastian,46,2011-1
Belle and Sebastian,44,2011-2
Belle and Sebastian,16,2011-3
Belle and Sebastian,1,2011-4
Belle and Sebastian,12,2011-5
Belle and Sebastian,57,2011-6
Belle and Sebastian,18,2011-7
Belle and Sebastian,26,2011-8
Belle and Sebastian,1,2011-9
Belle and Sebastian,4,2011-10
Belle and Sebastian,3,2011-11
Belle and Sebastian,1,2011-12
Belle and Sebastian,18,2012-1
Belle and Sebastian,8,2012-2
Belle and Sebastian,10,2012-3
Belle and Sebastian,3,2012-4
Belle and Sebastian,8,2012-5
Belle and Sebastian,30,2012-6
Belle and Sebastian,15,2012-7
Belle and Sebastian,18,2012-8
Belle and Sebastian,1,2012-9
Belle and Sebastian,1,2012-10
Belle and Sebastian,0,2012-11
Belle and Sebastian,0,2012-12
Belle and Sebastian,0,2013-1
Belle and Sebastian,0,2013-2
Belle and Sebastian,2,2013-3
Belle and Sebastian,0,2013-4
Belle and Sebastian,0,2013-5
Belle and Sebastian,3,2013-6
Belle and Sebastian,3,2013-7
Belle and Sebastian,5,2013-8
Belle and Sebastian,5,2013-9
Belle and Sebastian,0,2013-10
Belle and Sebastian,0,2013-11
Belle and Sebastian,0,2013-12
Belle and Sebastian,13,2014-1
Belle and Sebastian,7,2014-2
Belle and Sebastian,3,2014-3
Belle and Sebastian,0,2014-4
Belle and Sebastian,6,2014-5
Belle and Sebastian,0,2014-6
Belle and Sebastian,0,2014-7
Belle and Sebastian,1,2014-8
Belle and Sebastian,5,2014-9
Belle and Sebastian,1,2014-10
Belle and Sebastian,0,2014-11
Belle and Sebastian,0,2014-12
Surfer Blood,0,2008-8
Surfer Blood,0,2008-9
Surfer Blood,0,2008-10
Surfer Blood,0,2008-11
Surfer Blood,0,2008-12
Surfer Blood,0,2009-1
Surfer Blood,0,2009-2
Surfer Blood,0,2009-3
Surfer Blood,0,2009-4
Surfer Blood,0,2009-5
Surfer Blood,0,2009-6
Surfer Blood,0,2009-7
Surfer Blood,0,2009-8
Surfer Blood,0,2009-9
Surfer Blood,0,2009-10
Surfer Blood,0,2009-11
Surfer Blood,0,2009-12
Surfer Blood,0,2010-1
Surfer Blood,0,2010-2
Surfer Blood,0,2010-3
Surfer Blood,0,2010-4
Surfer Blood,0,2010-5
Surfer Blood,0,2010-6
Surfer Blood,0,2010-7
Surfer Blood,0,2010-8
Surfer Blood,0,2010-9
Surfer Blood,0,2010-10
Surfer Blood,0,2010-11
Surfer Blood,0,2010-12
Surfer Blood,0,2011-1
Surfer Blood,0,2011-2
Surfer Blood,0,2011-3
Surfer Blood,1,2011-4
Surfer Blood,0,2011-5
Surfer Blood,0,2011-6
Surfer Blood,0,2011-7
Surfer Blood,0,2011-8
Surfer Blood,0,2011-9
Surfer Blood,0,2011-10
Surfer Blood,0,2011-11
Surfer Blood,0,2011-12
Surfer Blood,0,2012-1
Surfer Blood,0,2012-2
Surfer Blood,0,2012-3
Surfer Blood,0,2012-4
Surfer Blood,0,2012-5
Surfer Blood,38,2012-6
Surfer Blood,0,2012-7
Surfer Blood,0,2012-8
Surfer Blood,0,2012-9
Surfer Blood,0,2012-10
Surfer Blood,0,2012-11
Surfer Blood,0,2012-12
Surfer Blood,0,2013-1
Surfer Blood,1,2013-2
Surfer Blood,0,2013-3
Surfer Blood,0,2013-4
Surfer Blood,0,2013-5
Surfer Blood,0,2013-6
Surfer Blood,0,2013-7
Surfer Blood,1,2013-8
Surfer Blood,0,2013-9
Surfer Blood,0,2013-10
Surfer Blood,0,2013-11
Surfer Blood,0,2013-12
Surfer Blood,98,2014-1
Surfer Blood,91,2014-2
Surfer Blood,26,2014-3
Surfer Blood,2,2014-4
Surfer Blood,9,2014-5
Surfer Blood,4,2014-6
Surfer Blood,2,2014-7
Surfer Blood,49,2014-8
Surfer Blood,18,2014-9
Surfer Blood,27,2014-10
Surfer Blood,8,2014-11
Surfer Blood,8,2014-12
Cut Copy,0,2008-8
Cut Copy,0,2008-9
Cut Copy,0,2008-10
Cut Copy,0,2008-11
Cut Copy,0,2008-12
Cut Copy,0,2009-1
Cut Copy,0,2009-2
Cut Copy,0,2009-3
Cut Copy,0,2009-4
Cut Copy,0,2009-5
Cut Copy,0,2009-6
Cut Copy,0,2009-7
Cut Copy,0,2009-8
Cut Copy,0,2009-9
Cut Copy,0,2009-10
Cut Copy,0,2009-11
Cut Copy,0,2009-12
Cut Copy,0,2010-1
Cut Copy,0,2010-2
Cut Copy,0,2010-3
Cut Copy,0,2010-4
Cut Copy,0,2010-5
Cut Copy,0,2010-6
Cut Copy,0,2010-7
Cut Copy,0,2010-8
Cut Copy,0,2010-9
Cut Copy,0,2010-10
Cut Copy,3,2010-11
Cut Copy,38,2010-12
Cut Copy,18,2011-1
Cut Copy,4,2011-2
Cut Copy,8,2011-3
Cut Copy,0,2011-4
Cut Copy,14,2011-5
Cut Copy,9,2011-6
Cut Copy,3,2011-7
Cut Copy,0,2011-8
Cut Copy,0,2011-9
Cut Copy,1,2011-10
Cut Copy,1,2011-11
Cut Copy,0,2011-12
Cut Copy,0,2012-1
Cut Copy,1,2012-2
Cut Copy,6,2012-3
Cut Copy,7,2012-4
Cut Copy,16,2012-5
Cut Copy,1,2012-6
Cut Copy,3,2012-7
Cut Copy,8,2012-8
Cut Copy,3,2012-9
Cut Copy,6,2012-10
Cut Copy,0,2012-11
Cut Copy,0,2012-12
Cut Copy,4,2013-1
Cut Copy,0,2013-2
Cut Copy,0,2013-3
Cut Copy,0,2013-4
Cut Copy,0,2013-5
Cut Copy,0,2013-6
Cut Copy,0,2013-7
Cut Copy,0,2013-8
Cut Copy,0,2013-9
Cut Copy,0,2013-10
Cut Copy,32,2013-11
Cut Copy,1,2013-12
Cut Copy,1,2014-1
Cut Copy,39,2014-2
Cut Copy,18,2014-3
Cut Copy,28,2014-4
Cut Copy,16,2014-5
Cut Copy,11,2014-6
Cut Copy,4,2014-7
Cut Copy,17,2014-8
Cut Copy,4,2014-9
Cut Copy,14,2014-10
Cut Copy,1,2014-11
Cut Copy,2,2014-12
Washed Out,0,2008-8
Washed Out,0,2008-9
Washed Out,0,2008-10
Washed Out,0,2008-11
Washed Out,0,2008-12
Washed Out,0,2009-1
Washed Out,0,2009-2
Washed Out,0,2009-3
Washed Out,0,2009-4
Washed Out,0,2009-5
Washed Out,0,2009-6
Washed Out,0,2009-7
Washed Out,0,2009-8
Washed Out,0,2009-9
Washed Out,0,2009-10
Washed Out,0,2009-11
Washed Out,0,2009-12
Washed Out,0,2010-1
Washed Out,0,2010-2
Washed Out,0,2010-3
Washed Out,0,2010-4
Washed Out,0,2010-5
Washed Out,0,2010-6
Washed Out,0,2010-7
Washed Out,0,2010-8
Washed Out,0,2010-9
Washed Out,0,2010-10
Washed Out,0,2010-11
Washed Out,0,2010-12
Washed Out,3,2011-1
Washed Out,1,2011-2
Washed Out,11,2011-3
Washed Out,16,2011-4
Washed Out,4,2011-5
Washed Out,8,2011-6
Washed Out,21,2011-7
Washed Out,0,2011-8
Washed Out,0,2011-9
Washed Out,1,2011-10
Washed Out,2,2011-11
Washed Out,2,2011-12
Washed Out,7,2012-1
Washed Out,12,2012-2
Washed Out,2,2012-3
Washed Out,3,2012-4
Washed Out,9,2012-5
Washed Out,2,2012-6
Washed Out,3,2012-7
Washed Out,8,2012-8
Washed Out,4,2012-9
Washed Out,2,2012-10
Washed Out,0,2012-11
Washed Out,0,2012-12
Washed Out,0,2013-1
Washed Out,1,2013-2
Washed Out,1,2013-3
Washed Out,0,2013-4
Washed Out,0,2013-5
Washed Out,30,2013-6
Washed Out,0,2013-7
Washed Out,6,2013-8
Washed Out,2,2013-9
Washed Out,2,2013-10
Washed Out,0,2013-11
Washed Out,0,2013-12
Washed Out,0,2014-1
Washed Out,9,2014-2
Washed Out,19,2014-3
Washed Out,0,2014-4
Washed Out,21,2014-5
Washed Out,8,2014-6
Washed Out,28,2014-7
Washed Out,45,2014-8
Washed Out,23,2014-9
Washed Out,0,2014-10
Washed Out,0,2014-11
Washed Out,6,2014-12
Talking Heads,0,2008-8
Talking Heads,0,2008-9
Talking Heads,0,2008-10
Talking Heads,0,2008-11
Talking Heads,0,2008-12
Talking Heads,0,2009-1
Talking Heads,0,2009-2
Talking Heads,0,2009-3
Talking Heads,0,2009-4
Talking Heads,0,2009-5
Talking Heads,0,2009-6
Talking Heads,0,2009-7
Talking Heads,2,2009-8
Talking Heads,0,2009-9
Talking Heads,0,2009-10
Talking Heads,0,2009-11
Talking Heads,0,2009-12
Talking Heads,0,2010-1
Talking Heads,0,2010-2
Talking Heads,0,2010-3
Talking Heads,0,2010-4
Talking Heads,0,2010-5
Talking Heads,0,2010-6
Talking Heads,0,2010-7
Talking Heads,0,2010-8
Talking Heads,0,2010-9
Talking Heads,0,2010-10
Talking Heads,0,2010-11
Talking Heads,4,2010-12
Talking Heads,0,2011-1
Talking Heads,2,2011-2
Talking Heads,4,2011-3
Talking Heads,0,2011-4
Talking Heads,1,2011-5
Talking Heads,0,2011-6
Talking Heads,0,2011-7
Talking Heads,3,2011-8
Talking Heads,0,2011-9
Talking Heads,0,2011-10
Talking Heads,13,2011-11
Talking Heads,22,2011-12
Talking Heads,30,2012-1
Talking Heads,14,2012-2
Talking Heads,7,2012-3
Talking Heads,15,2012-4
Talking Heads,6,2012-5
Talking Heads,6,2012-6
Talking Heads,11,2012-7
Talking Heads,3,2012-8
Talking Heads,3,2012-9
Talking Heads,0,2012-10
Talking Heads,0,2012-11
Talking Heads,0,2012-12
Talking Heads,0,2013-1
Talking Heads,0,2013-2
Talking Heads,23,2013-3
Talking Heads,18,2013-4
Talking Heads,11,2013-5
Talking Heads,14,2013-6
Talking Heads,0,2013-7
Talking Heads,1,2013-8
Talking Heads,5,2013-9
Talking Heads,0,2013-10
Talking Heads,13,2013-11
Talking Heads,0,2013-12
Talking Heads,3,2014-1
Talking Heads,15,2014-2
Talking Heads,13,2014-3
Talking Heads,2,2014-4
Talking Heads,4,2014-5
Talking Heads,0,2014-6
Talking Heads,17,2014-7
Talking Heads,1,2014-8
Talking Heads,2,2014-9
Talking Heads,0,2014-10
Talking Heads,1,2014-11
Talking Heads,2,2014-12
Iron & Wine,0,2008-8
Iron & Wine,0,2008-9
Iron & Wine,0,2008-10
Iron & Wine,0,2008-11
Iron & Wine,0,2008-12
Iron & Wine,0,2009-1
Iron & Wine,0,2009-2
Iron & Wine,0,2009-3
Iron & Wine,0,2009-4
Iron & Wine,0,2009-5
Iron & Wine,0,2009-6
Iron & Wine,0,2009-7
Iron & Wine,2,2009-8
Iron & Wine,0,2009-9
Iron & Wine,0,2009-10
Iron & Wine,0,2009-11
Iron & Wine,0,2009-12
Iron & Wine,0,2010-1
Iron & Wine,0,2010-2
Iron & Wine,0,2010-3
Iron & Wine,0,2010-4
Iron & Wine,0,2010-5
Iron & Wine,0,2010-6
Iron & Wine,0,2010-7
Iron & Wine,0,2010-8
Iron & Wine,0,2010-9
Iron & Wine,0,2010-10
Iron & Wine,0,2010-11
Iron & Wine,0,2010-12
Iron & Wine,0,2011-1
Iron & Wine,0,2011-2
Iron & Wine,0,2011-3
Iron & Wine,0,2011-4
Iron & Wine,1,2011-5
Iron & Wine,0,2011-6
Iron & Wine,0,2011-7
Iron & Wine,0,2011-8
Iron & Wine,1,2011-9
Iron & Wine,4,2011-10
Iron & Wine,3,2011-11
Iron & Wine,0,2011-12
Iron & Wine,0,2012-1
Iron & Wine,0,2012-2
Iron & Wine,6,2012-3
Iron & Wine,0,2012-4
Iron & Wine,0,2012-5
Iron & Wine,0,2012-6
Iron & Wine,7,2012-7
Iron & Wine,0,2012-8
Iron & Wine,0,2012-9
Iron & Wine,0,2012-10
Iron & Wine,0,2012-11
Iron & Wine,0,2012-12
Iron & Wine,0,2013-1
Iron & Wine,0,2013-2
Iron & Wine,1,2013-3
Iron & Wine,0,2013-4
Iron & Wine,0,2013-5
Iron & Wine,0,2013-6
Iron & Wine,0,2013-7
Iron & Wine,0,2013-8
Iron & Wine,0,2013-9
Iron & Wine,17,2013-10
Iron & Wine,15,2013-11
Iron & Wine,5,2013-12
Iron & Wine,12,2014-1
Iron & Wine,35,2014-2
Iron & Wine,36,2014-3
Iron & Wine,35,2014-4
Iron & Wine,19,2014-5
Iron & Wine,9,2014-6
Iron & Wine,10,2014-7
Iron & Wine,39,2014-8
Iron & Wine,3,2014-9
Iron & Wine,1,2014-10
Iron & Wine,0,2014-11
Iron & Wine,0,2014-12
Small Black,0,2008-8
Small Black,0,2008-9
Small Black,0,2008-10
Small Black,0,2008-11
Small Black,0,2008-12
Small Black,0,2009-1
Small Black,0,2009-2
Small Black,0,2009-3
Small Black,0,2009-4
Small Black,0,2009-5
Small Black,0,2009-6
Small Black,0,2009-7
Small Black,0,2009-8
Small Black,0,2009-9
Small Black,0,2009-10
Small Black,0,2009-11
Small Black,0,2009-12
Small Black,0,2010-1
Small Black,0,2010-2
Small Black,0,2010-3
Small Black,0,2010-4
Small Black,0,2010-5
Small Black,0,2010-6
Small Black,0,2010-7
Small Black,0,2010-8
Small Black,0,2010-9
Small Black,0,2010-10
Small Black,0,2010-11
Small Black,1,2010-12
Small Black,0,2011-1
Small Black,0,2011-2
Small Black,0,2011-3
Small Black,1,2011-4
Small Black,0,2011-5
Small Black,0,2011-6
Small Black,1,2011-7
Small Black,0,2011-8
Small Black,0,2011-9
Small Black,0,2011-10
Small Black,3,2011-11
Small Black,2,2011-12
Small Black,0,2012-1
Small Black,0,2012-2
Small Black,0,2012-3
Small Black,0,2012-4
Small Black,0,2012-5
Small Black,0,2012-6
Small Black,0,2012-7
Small Black,0,2012-8
Small Black,0,2012-9
Small Black,0,2012-10
Small Black,0,2012-11
Small Black,0,2012-12
Small Black,1,2013-1
Small Black,0,2013-2
Small Black,0,2013-3
Small Black,0,2013-4
Small Black,0,2013-5
Small Black,10,2013-6
Small Black,8,2013-7
Small Black,58,2013-8
Small Black,25,2013-9
Small Black,10,2013-10
Small Black,6,2013-11
Small Black,0,2013-12
Small Black,4,2014-1
Small Black,17,2014-2
Small Black,3,2014-3
Small Black,13,2014-4
Small Black,11,2014-5
Small Black,4,2014-6
Small Black,2,2014-7
Small Black,34,2014-8
Small Black,0,2014-9
Small Black,4,2014-10
Small Black,1,2014-11
Small Black,6,2014-12
Vampire Weekend,0,2008-8
Vampire Weekend,0,2008-9
Vampire Weekend,0,2008-10
Vampire Weekend,0,2008-11
Vampire Weekend,0,2008-12
Vampire Weekend,0,2009-1
Vampire Weekend,0,2009-2
Vampire Weekend,0,2009-3
Vampire Weekend,0,2009-4
Vampire Weekend,0,2009-5
Vampire Weekend,0,2009-6
Vampire Weekend,0,2009-7
Vampire Weekend,1,2009-8
Vampire Weekend,0,2009-9
Vampire Weekend,0,2009-10
Vampire Weekend,0,2009-11
Vampire Weekend,0,2009-12
Vampire Weekend,0,2010-1
Vampire Weekend,0,2010-2
Vampire Weekend,0,2010-3
Vampire Weekend,0,2010-4
Vampire Weekend,0,2010-5
Vampire Weekend,0,2010-6
Vampire Weekend,0,2010-7
Vampire Weekend,0,2010-8
Vampire Weekend,0,2010-9
Vampire Weekend,0,2010-10
Vampire Weekend,5,2010-11
Vampire Weekend,9,2010-12
Vampire Weekend,8,2011-1
Vampire Weekend,11,2011-2
Vampire Weekend,7,2011-3
Vampire Weekend,23,2011-4
Vampire Weekend,3,2011-5
Vampire Weekend,2,2011-6
Vampire Weekend,0,2011-7
Vampire Weekend,1,2011-8
Vampire Weekend,2,2011-9
Vampire Weekend,1,2011-10
Vampire Weekend,0,2011-11
Vampire Weekend,3,2011-12
Vampire Weekend,0,2012-1
Vampire Weekend,0,2012-2
Vampire Weekend,0,2012-3
Vampire Weekend,0,2012-4
Vampire Weekend,2,2012-5
Vampire Weekend,0,2012-6
Vampire Weekend,0,2012-7
Vampire Weekend,0,2012-8
Vampire Weekend,0,2012-9
Vampire Weekend,0,2012-10
Vampire Weekend,0,2012-11
Vampire Weekend,2,2012-12
Vampire Weekend,0,2013-1
Vampire Weekend,0,2013-2
Vampire Weekend,0,2013-3
Vampire Weekend,0,2013-4
Vampire Weekend,0,2013-5
Vampire Weekend,52,2013-6
Vampire Weekend,7,2013-7
Vampire Weekend,3,2013-8
Vampire Weekend,0,2013-9
Vampire Weekend,11,2013-10
Vampire Weekend,11,2013-11
Vampire Weekend,9,2013-12
Vampire Weekend,7,2014-1
Vampire Weekend,4,2014-2
Vampire Weekend,11,2014-3
Vampire Weekend,12,2014-4
Vampire Weekend,0,2014-5
Vampire Weekend,1,2014-6
Vampire Weekend,0,2014-7
Vampire Weekend,5,2014-8
Vampire Weekend,0,2014-9
Vampire Weekend,6,2014-10
Vampire Weekend,0,2014-11
Vampire Weekend,0,2014-12
The Smiths,0,2008-8
The Smiths,0,2008-9
The Smiths,0,2008-10
The Smiths,0,2008-11
The Smiths,0,2008-12
The Smiths,0,2009-1
The Smiths,0,2009-2
The Smiths,0,2009-3
The Smiths,0,2009-4
The Smiths,0,2009-5
The Smiths,0,2009-6
The Smiths,0,2009-7
The Smiths,1,2009-8
The Smiths,0,2009-9
The Smiths,0,2009-10
The Smiths,0,2009-11
The Smiths,0,2009-12
The Smiths,0,2010-1
The Smiths,0,2010-2
The Smiths,0,2010-3
The Smiths,0,2010-4
The Smiths,0,2010-5
The Smiths,0,2010-6
The Smiths,0,2010-7
The Smiths,0,2010-8
The Smiths,0,2010-9
The Smiths,0,2010-10
The Smiths,0,2010-11
The Smiths,67,2010-12
The Smiths,21,2011-1
The Smiths,13,2011-2
The Smiths,10,2011-3
The Smiths,6,2011-4
The Smiths,17,2011-5
The Smiths,16,2011-6
The Smiths,0,2011-7
The Smiths,0,2011-8
The Smiths,0,2011-9
The Smiths,4,2011-10
The Smiths,0,2011-11
The Smiths,0,2011-12
The Smiths,6,2012-1
The Smiths,8,2012-2
The Smiths,4,2012-3
The Smiths,1,2012-4
The Smiths,6,2012-5
The Smiths,0,2012-6
The Smiths,5,2012-7
The Smiths,6,2012-8
The Smiths,2,2012-9
The Smiths,0,2012-10
The Smiths,0,2012-11
The Smiths,0,2012-12
The Smiths,0,2013-1
The Smiths,0,2013-2
The Smiths,0,2013-3
The Smiths,0,2013-4
The Smiths,0,2013-5
The Smiths,0,2013-6
The Smiths,0,2013-7
The Smiths,0,2013-8
The Smiths,1,2013-9
The Smiths,0,2013-10
The Smiths,0,2013-11
The Smiths,0,2013-12
The Smiths,0,2014-1
The Smiths,4,2014-2
The Smiths,1,2014-3
The Smiths,0,2014-4
The Smiths,5,2014-5
The Smiths,0,2014-6
The Smiths,0,2014-7
The Smiths,0,2014-8
The Smiths,0,2014-9
The Smiths,3,2014-10
The Smiths,0,2014-11
The Smiths,1,2014-12
LCD Soundsystem,0,2008-8
LCD Soundsystem,0,2008-9
LCD Soundsystem,0,2008-10
LCD Soundsystem,0,2008-11
LCD Soundsystem,0,2008-12
LCD Soundsystem,0,2009-1
LCD Soundsystem,0,2009-2
LCD Soundsystem,0,2009-3
LCD Soundsystem,0,2009-4
LCD Soundsystem,0,2009-5
LCD Soundsystem,0,2009-6
LCD Soundsystem,0,2009-7
LCD Soundsystem,0,2009-8
LCD Soundsystem,0,2009-9
LCD Soundsystem,0,2009-10
LCD Soundsystem,0,2009-11
LCD Soundsystem,0,2009-12
LCD Soundsystem,0,2010-1
LCD Soundsystem,0,2010-2
LCD Soundsystem,0,2010-3
LCD Soundsystem,0,2010-4
LCD Soundsystem,0,2010-5
LCD Soundsystem,0,2010-6
LCD Soundsystem,0,2010-7
LCD Soundsystem,0,2010-8
LCD Soundsystem,0,2010-9
LCD Soundsystem,0,2010-10
LCD Soundsystem,2,2010-11
LCD Soundsystem,19,2010-12
LCD Soundsystem,10,2011-1
LCD Soundsystem,2,2011-2
LCD Soundsystem,4,2011-3
LCD Soundsystem,0,2011-4
LCD Soundsystem,2,2011-5
LCD Soundsystem,4,2011-6
LCD Soundsystem,3,2011-7
LCD Soundsystem,0,2011-8
LCD Soundsystem,0,2011-9
LCD Soundsystem,1,2011-10
LCD Soundsystem,1,2011-11
LCD Soundsystem,0,2011-12
LCD Soundsystem,0,2012-1
LCD Soundsystem,0,2012-2
LCD Soundsystem,0,2012-3
LCD Soundsystem,2,2012-4
LCD Soundsystem,6,2012-5
LCD Soundsystem,1,2012-6
LCD Soundsystem,0,2012-7
LCD Soundsystem,0,2012-8
LCD Soundsystem,0,2012-9
LCD Soundsystem,0,2012-10
LCD Soundsystem,0,2012-11
LCD Soundsystem,0,2012-12
LCD Soundsystem,0,2013-1
LCD Soundsystem,0,2013-2
LCD Soundsystem,3,2013-3
LCD Soundsystem,0,2013-4
LCD Soundsystem,0,2013-5
LCD Soundsystem,0,2013-6
LCD Soundsystem,0,2013-7
LCD Soundsystem,1,2013-8
LCD Soundsystem,1,2013-9
LCD Soundsystem,0,2013-10
LCD Soundsystem,1,2013-11
LCD Soundsystem,3,2013-12
LCD Soundsystem,1,2014-1
LCD Soundsystem,1,2014-2
LCD Soundsystem,9,2014-3
LCD Soundsystem,10,2014-4
LCD Soundsystem,12,2014-5
LCD Soundsystem,11,2014-6
LCD Soundsystem,24,2014-7
LCD Soundsystem,32,2014-8
LCD Soundsystem,15,2014-9
LCD Soundsystem,0,2014-10
LCD Soundsystem,0,2014-11
LCD Soundsystem,9,2014-12
Real Estate,0,2008-8
Real Estate,0,2008-9
Real Estate,0,2008-10
Real Estate,0,2008-11
Real Estate,0,2008-12
Real Estate,0,2009-1
Real Estate,0,2009-2
Real Estate,0,2009-3
Real Estate,0,2009-4
Real Estate,0,2009-5
Real Estate,0,2009-6
Real Estate,0,2009-7
Real Estate,0,2009-8
Real Estate,0,2009-9
Real Estate,0,2009-10
Real Estate,0,2009-11
Real Estate,0,2009-12
Real Estate,0,2010-1
Real Estate,0,2010-2
Real Estate,0,2010-3
Real Estate,0,2010-4
Real Estate,0,2010-5
Real Estate,0,2010-6
Real Estate,0,2010-7
Real Estate,0,2010-8
Real Estate,0,2010-9
Real Estate,0,2010-10
Real Estate,0,2010-11
Real Estate,0,2010-12
Real Estate,0,2011-1
Real Estate,0,2011-2
Real Estate,0,2011-3
Real Estate,0,2011-4
Real Estate,0,2011-5
Real Estate,0,2011-6
Real Estate,0,2011-7
Real Estate,0,2011-8
Real Estate,0,2011-9
Real Estate,0,2011-10
Real Estate,0,2011-11
Real Estate,0,2011-12
Real Estate,0,2012-1
Real Estate,2,2012-2
Real Estate,3,2012-3
Real Estate,1,2012-4
Real Estate,0,2012-5
Real Estate,0,2012-6
Real Estate,2,2012-7
Real Estate,8,2012-8
Real Estate,3,2012-9
Real Estate,2,2012-10
Real Estate,0,2012-11
Real Estate,0,2012-12
Real Estate,1,2013-1
Real Estate,3,2013-2
Real Estate,1,2013-3
Real Estate,0,2013-4
Real Estate,0,2013-5
Real Estate,9,2013-6
Real Estate,8,2013-7
Real Estate,4,2013-8
Real Estate,2,2013-9
Real Estate,2,2013-10
Real Estate,0,2013-11
Real Estate,4,2013-12
Real Estate,0,2014-1
Real Estate,12,2014-2
Real Estate,23,2014-3
Real Estate,9,2014-4
Real Estate,28,2014-5
Real Estate,13,2014-6
Real Estate,28,2014-7
Real Estate,20,2014-8
Real Estate,0,2014-9
Real Estate,0,2014-10
Real Estate,0,2014-11
Real Estate,0,2014-12
The War on Drugs,0,2008-8
The War on Drugs,0,2008-9
The War on Drugs,0,2008-10
The War on Drugs,0,2008-11
The War on Drugs,0,2008-12
The War on Drugs,0,2009-1
The War on Drugs,0,2009-2
The War on Drugs,0,2009-3
The War on Drugs,0,2009-4
The War on Drugs,0,2009-5
The War on Drugs,0,2009-6
The War on Drugs,0,2009-7
The War on Drugs,0,2009-8
The War on Drugs,0,2009-9
The War on Drugs,0,2009-10
The War on Drugs,0,2009-11
The War on Drugs,0,2009-12
The War on Drugs,0,2010-1
The War on Drugs,0,2010-2
The War on Drugs,0,2010-3
The War on Drugs,0,2010-4
The War on Drugs,0,2010-5
The War on Drugs,0,2010-6
The War on Drugs,0,2010-7
The War on Drugs,0,2010-8
The War on Drugs,0,2010-9
The War on Drugs,0,2010-10
The War on Drugs,0,2010-11
The War on Drugs,0,2010-12
The War on Drugs,0,2011-1
The War on Drugs,0,2011-2
The War on Drugs,0,2011-3
The War on Drugs,0,2011-4
The War on Drugs,0,2011-5
The War on Drugs,0,2011-6
The War on Drugs,0,2011-7
The War on Drugs,0,2011-8
The War on Drugs,0,2011-9
The War on Drugs,0,2011-10
The War on Drugs,0,2011-11
The War on Drugs,0,2011-12
The War on Drugs,0,2012-1
The War on Drugs,0,2012-2
The War on Drugs,0,2012-3
The War on Drugs,0,2012-4
The War on Drugs,0,2012-5
The War on Drugs,0,2012-6
The War on Drugs,0,2012-7
The War on Drugs,2,2012-8
The War on Drugs,1,2012-9
The War on Drugs,45,2012-10
The War on Drugs,28,2012-11
The War on Drugs,13,2012-12
The War on Drugs,0,2013-1
The War on Drugs,1,2013-2
The War on Drugs,1,2013-3
The War on Drugs,8,2013-4
The War on Drugs,0,2013-5
The War on Drugs,0,2013-6
The War on Drugs,6,2013-7
The War on Drugs,2,2013-8
The War on Drugs,1,2013-9
The War on Drugs,2,2013-10
The War on Drugs,12,2013-11
The War on Drugs,0,2013-12
The War on Drugs,0,2014-1
The War on Drugs,1,2014-2
The War on Drugs,14,2014-3
The War on Drugs,9,2014-4
The War on Drugs,0,2014-5
The War on Drugs,5,2014-6
The War on Drugs,13,2014-7
The War on Drugs,17,2014-8
The War on Drugs,0,2014-9
The War on Drugs,1,2014-10
The War on Drugs,0,2014-11
The War on Drugs,0,2014-12
The Clash,0,2008-8
The Clash,0,2008-9
The Clash,0,2008-10
The Clash,0,2008-11
The Clash,0,2008-12
The Clash,0,2009-1
The Clash,0,2009-2
The Clash,0,2009-3
The Clash,0,2009-4
The Clash,0,2009-5
The Clash,0,2009-6
The Clash,0,2009-7
The Clash,0,2009-8
The Clash,0,2009-9
The Clash,0,2009-10
The Clash,0,2009-11
The Clash,0,2009-12
The Clash,0,2010-1
The Clash,0,2010-2
The Clash,0,2010-3
The Clash,0,2010-4
The Clash,0,2010-5
The Clash,0,2010-6
The Clash,0,2010-7
The Clash,0,2010-8
The Clash,0,2010-9
The Clash,0,2010-10
The Clash,3,2010-11
The Clash,63,2010-12
The Clash,18,2011-1
The Clash,6,2011-2
The Clash,19,2011-3
The Clash,0,2011-4
The Clash,25,2011-5
The Clash,1,2011-6
The Clash,0,2011-7
The Clash,7,2011-8
The Clash,0,2011-9
The Clash,0,2011-10
The Clash,0,2011-11
The Clash,0,2011-12
The Clash,0,2012-1
The Clash,2,2012-2
The Clash,0,2012-3
The Clash,1,2012-4
The Clash,2,2012-5
The Clash,1,2012-6
The Clash,2,2012-7
The Clash,1,2012-8
The Clash,0,2012-9
The Clash,0,2012-10
The Clash,0,2012-11
The Clash,0,2012-12
The Clash,0,2013-1
The Clash,0,2013-2
The Clash,0,2013-3
The Clash,0,2013-4
The Clash,0,2013-5
The Clash,0,2013-6
The Clash,0,2013-7
The Clash,0,2013-8
The Clash,0,2013-9
The Clash,0,2013-10
The Clash,0,2013-11
The Clash,0,2013-12
The Clash,4,2014-1
The Clash,18,2014-2
The Clash,1,2014-3
The Clash,0,2014-4
The Clash,3,2014-5
The Clash,0,2014-6
The Clash,0,2014-7
The Clash,0,2014-8
The Clash,0,2014-9
The Clash,0,2014-10
The Clash,0,2014-11
The Clash,0,2014-12
The xx,0,2008-8
The xx,0,2008-9
The xx,0,2008-10
The xx,0,2008-11
The xx,0,2008-12
The xx,0,2009-1
The xx,0,2009-2
The xx,0,2009-3
The xx,0,2009-4
The xx,0,2009-5
The xx,0,2009-6
The xx,0,2009-7
The xx,0,2009-8
The xx,0,2009-9
The xx,0,2009-10
The xx,0,2009-11
The xx,0,2009-12
The xx,0,2010-1
The xx,0,2010-2
The xx,0,2010-3
The xx,0,2010-4
The xx,0,2010-5
The xx,0,2010-6
The xx,0,2010-7
The xx,0,2010-8
The xx,0,2010-9
The xx,0,2010-10
The xx,2,2010-11
The xx,2,2010-12
The xx,1,2011-1
The xx,13,2011-2
The xx,27,2011-3
The xx,3,2011-4
The xx,0,2011-5
The xx,5,2011-6
The xx,0,2011-7
The xx,0,2011-8
The xx,0,2011-9
The xx,2,2011-10
The xx,0,2011-11
The xx,2,2011-12
The xx,0,2012-1
The xx,0,2012-2
The xx,0,2012-3
The xx,3,2012-4
The xx,5,2012-5
The xx,1,2012-6
The xx,12,2012-7
The xx,1,2012-8
The xx,25,2012-9
The xx,0,2012-10
The xx,0,2012-11
The xx,2,2012-12
The xx,0,2013-1
The xx,1,2013-2
The xx,0,2013-3
The xx,0,2013-4
The xx,0,2013-5
The xx,8,2013-6
The xx,11,2013-7
The xx,1,2013-8
The xx,2,2013-9
The xx,1,2013-10
The xx,5,2013-11
The xx,0,2013-12
The xx,2,2014-1
The xx,7,2014-2
The xx,7,2014-3
The xx,11,2014-4
The xx,0,2014-5
The xx,0,2014-6
The xx,6,2014-7
The xx,2,2014-8
The xx,0,2014-9
The xx,0,2014-10
The xx,0,2014-11
The xx,0,2014-12
Neil Young,0,2008-8
Neil Young,0,2008-9
Neil Young,0,2008-10
Neil Young,0,2008-11
Neil Young,0,2008-12
Neil Young,0,2009-1
Neil Young,0,2009-2
Neil Young,0,2009-3
Neil Young,0,2009-4
Neil Young,0,2009-5
Neil Young,0,2009-6
Neil Young,0,2009-7
Neil Young,0,2009-8
Neil Young,0,2009-9
Neil Young,0,2009-10
Neil Young,0,2009-11
Neil Young,0,2009-12
Neil Young,0,2010-1
Neil Young,0,2010-2
Neil Young,0,2010-3
Neil Young,0,2010-4
Neil Young,0,2010-5
Neil Young,0,2010-6
Neil Young,0,2010-7
Neil Young,0,2010-8
Neil Young,0,2010-9
Neil Young,0,2010-10
Neil Young,0,2010-11
Neil Young,0,2010-12
Neil Young,0,2011-1
Neil Young,0,2011-2
Neil Young,0,2011-3
Neil Young,0,2011-4
Neil Young,0,2011-5
Neil Young,0,2011-6
Neil Young,0,2011-7
Neil Young,28,2011-8
Neil Young,3,2011-9
Neil Young,0,2011-10
Neil Young,1,2011-11
Neil Young,0,2011-12
Neil Young,0,2012-1
Neil Young,0,2012-2
Neil Young,0,2012-3
Neil Young,0,2012-4
Neil Young,0,2012-5
Neil Young,0,2012-6
Neil Young,89,2012-7
Neil Young,8,2012-8
Neil Young,9,2012-9
Neil Young,0,2012-10
Neil Young,0,2012-11
Neil Young,0,2012-12
Neil Young,0,2013-1
Neil Young,0,2013-2
Neil Young,0,2013-3
Neil Young,0,2013-4
Neil Young,0,2013-5
Neil Young,0,2013-6
Neil Young,0,2013-7
Neil Young,0,2013-8
Neil Young,0,2013-9
Neil Young,0,2013-10
Neil Young,0,2013-11
Neil Young,0,2013-12
Neil Young,0,2014-1
Neil Young,0,2014-2
Neil Young,15,2014-3
Neil Young,4,2014-4
Neil Young,5,2014-5
Neil Young,0,2014-6
Neil Young,0,2014-7
Neil Young,4,2014-8
Neil Young,0,2014-9
Neil Young,9,2014-10
Neil Young,0,2014-11
Neil Young,0,2014-12
Franz Ferdinand,0,2008-8
Franz Ferdinand,0,2008-9
Franz Ferdinand,0,2008-10
Franz Ferdinand,0,2008-11
Franz Ferdinand,0,2008-12
Franz Ferdinand,0,2009-1
Franz Ferdinand,0,2009-2
Franz Ferdinand,0,2009-3
Franz Ferdinand,0,2009-4
Franz Ferdinand,0,2009-5
Franz Ferdinand,0,2009-6
Franz Ferdinand,0,2009-7
Franz Ferdinand,8,2009-8
Franz Ferdinand,0,2009-9
Franz Ferdinand,0,2009-10
Franz Ferdinand,0,2009-11
Franz Ferdinand,0,2009-12
Franz Ferdinand,0,2010-1
Franz Ferdinand,0,2010-2
Franz Ferdinand,0,2010-3
Franz Ferdinand,0,2010-4
Franz Ferdinand,0,2010-5
Franz Ferdinand,0,2010-6
Franz Ferdinand,0,2010-7
Franz Ferdinand,0,2010-8
Franz Ferdinand,0,2010-9
Franz Ferdinand,0,2010-10
Franz Ferdinand,6,2010-11
Franz Ferdinand,38,2010-12
Franz Ferdinand,0,2011-1
Franz Ferdinand,2,2011-2
Franz Ferdinand,6,2011-3
Franz Ferdinand,2,2011-4
Franz Ferdinand,0,2011-5
Franz Ferdinand,0,2011-6
Franz Ferdinand,0,2011-7
Franz Ferdinand,0,2011-8
Franz Ferdinand,1,2011-9
Franz Ferdinand,1,2011-10
Franz Ferdinand,0,2011-11
Franz Ferdinand,1,2011-12
Franz Ferdinand,0,2012-1
Franz Ferdinand,0,2012-2
Franz Ferdinand,0,2012-3
Franz Ferdinand,0,2012-4
Franz Ferdinand,0,2012-5
Franz Ferdinand,0,2012-6
Franz Ferdinand,0,2012-7
Franz Ferdinand,0,2012-8
Franz Ferdinand,0,2012-9
Franz Ferdinand,0,2012-10
Franz Ferdinand,40,2012-11
Franz Ferdinand,17,2012-12
Franz Ferdinand,12,2013-1
Franz Ferdinand,0,2013-2
Franz Ferdinand,0,2013-3
Franz Ferdinand,0,2013-4
Franz Ferdinand,0,2013-5
Franz Ferdinand,1,2013-6
Franz Ferdinand,11,2013-7
Franz Ferdinand,0,2013-8
Franz Ferdinand,10,2013-9
Franz Ferdinand,0,2013-10
Franz Ferdinand,1,2013-11
Franz Ferdinand,0,2013-12
Franz Ferdinand,0,2014-1
Franz Ferdinand,2,2014-2
Franz Ferdinand,5,2014-3
Franz Ferdinand,0,2014-4
Franz Ferdinand,0,2014-5
Franz Ferdinand,0,2014-6
Franz Ferdinand,0,2014-7
Franz Ferdinand,0,2014-8
Franz Ferdinand,0,2014-9
Franz Ferdinand,0,2014-10
Franz Ferdinand,0,2014-11
Franz Ferdinand,0,2014-12
The Tallest Man on Earth,0,2008-8
The Tallest Man on Earth,0,2008-9
The Tallest Man on Earth,0,2008-10
The Tallest Man on Earth,0,2008-11
The Tallest Man on Earth,0,2008-12
The Tallest Man on Earth,0,2009-1
The Tallest Man on Earth,0,2009-2
The Tallest Man on Earth,0,2009-3
The Tallest Man on Earth,0,2009-4
The Tallest Man on Earth,0,2009-5
The Tallest Man on Earth,0,2009-6
The Tallest Man on Earth,0,2009-7
The Tallest Man on Earth,1,2009-8
The Tallest Man on Earth,0,2009-9
The Tallest Man on Earth,0,2009-10
The Tallest Man on Earth,0,2009-11
The Tallest Man on Earth,0,2009-12
The Tallest Man on Earth,0,2010-1
The Tallest Man on Earth,0,2010-2
The Tallest Man on Earth,0,2010-3
The Tallest Man on Earth,0,2010-4
The Tallest Man on Earth,0,2010-5
The Tallest Man on Earth,0,2010-6
The Tallest Man on Earth,0,2010-7
The Tallest Man on Earth,0,2010-8
The Tallest Man on Earth,0,2010-9
The Tallest Man on Earth,0,2010-10
The Tallest Man on Earth,0,2010-11
The Tallest Man on Earth,0,2010-12
The Tallest Man on Earth,1,2011-1
The Tallest Man on Earth,0,2011-2
The Tallest Man on Earth,11,2011-3
The Tallest Man on Earth,0,2011-4
The Tallest Man on Earth,0,2011-5
The Tallest Man on Earth,0,2011-6
The Tallest Man on Earth,0,2011-7
The Tallest Man on Earth,0,2011-8
The Tallest Man on Earth,0,2011-9
The Tallest Man on Earth,3,2011-10
The Tallest Man on Earth,0,2011-11
The Tallest Man on Earth,0,2011-12
The Tallest Man on Earth,0,2012-1
The Tallest Man on Earth,0,2012-2
The Tallest Man on Earth,0,2012-3
The Tallest Man on Earth,0,2012-4
The Tallest Man on Earth,0,2012-5
The Tallest Man on Earth,0,2012-6
The Tallest Man on Earth,0,2012-7
The Tallest Man on Earth,0,2012-8
The Tallest Man on Earth,0,2012-9
The Tallest Man on Earth,0,2012-10
The Tallest Man on Earth,0,2012-11
The Tallest Man on Earth,0,2012-12
The Tallest Man on Earth,0,2013-1
The Tallest Man on Earth,0,2013-2
The Tallest Man on Earth,0,2013-3
The Tallest Man on Earth,0,2013-4
The Tallest Man on Earth,0,2013-5
The Tallest Man on Earth,0,2013-6
The Tallest Man on Earth,0,2013-7
The Tallest Man on Earth,0,2013-8
The Tallest Man on Earth,0,2013-9
The Tallest Man on Earth,0,2013-10
The Tallest Man on Earth,0,2013-11
The Tallest Man on Earth,0,2013-12
The Tallest Man on Earth,0,2014-1
The Tallest Man on Earth,0,2014-2
The Tallest Man on Earth,0,2014-3
The Tallest Man on Earth,16,2014-4
The Tallest Man on Earth,0,2014-5
The Tallest Man on Earth,14,2014-6
The Tallest Man on Earth,0,2014-7
The Tallest Man on Earth,38,2014-8
The Tallest Man on Earth,51,2014-9
The Tallest Man on Earth,9,2014-10
The Tallest Man on Earth,0,2014-11
The Tallest Man on Earth,0,2014-12
DIIV,0,2008-8
DIIV,0,2008-9
DIIV,0,2008-10
DIIV,0,2008-11
DIIV,0,2008-12
DIIV,0,2009-1
DIIV,0,2009-2
DIIV,0,2009-3
DIIV,0,2009-4
DIIV,0,2009-5
DIIV,0,2009-6
DIIV,0,2009-7
DIIV,0,2009-8
DIIV,0,2009-9
DIIV,0,2009-10
DIIV,0,2009-11
DIIV,0,2009-12
DIIV,0,2010-1
DIIV,0,2010-2
DIIV,0,2010-3
DIIV,0,2010-4
DIIV,0,2010-5
DIIV,0,2010-6
DIIV,0,2010-7
DIIV,0,2010-8
DIIV,0,2010-9
DIIV,0,2010-10
DIIV,0,2010-11
DIIV,0,2010-12
DIIV,0,2011-1
DIIV,0,2011-2
DIIV,0,2011-3
DIIV,0,2011-4
DIIV,0,2011-5
DIIV,0,2011-6
DIIV,0,2011-7
DIIV,0,2011-8
DIIV,0,2011-9
DIIV,0,2011-10
DIIV,0,2011-11
DIIV,0,2011-12
DIIV,0,2012-1
DIIV,0,2012-2
DIIV,0,2012-3
DIIV,0,2012-4
DIIV,0,2012-5
DIIV,0,2012-6
DIIV,0,2012-7
DIIV,0,2012-8
DIIV,0,2012-9
DIIV,17,2012-10
DIIV,0,2012-11
DIIV,0,2012-12
DIIV,0,2013-1
DIIV,0,2013-2
DIIV,1,2013-3
DIIV,0,2013-4
DIIV,0,2013-5
DIIV,0,2013-6
DIIV,0,2013-7
DIIV,11,2013-8
DIIV,1,2013-9
DIIV,0,2013-10
DIIV,2,2013-11
DIIV,0,2013-12
DIIV,18,2014-1
DIIV,41,2014-2
DIIV,13,2014-3
DIIV,4,2014-4
DIIV,0,2014-5
DIIV,0,2014-6
DIIV,12,2014-7
DIIV,12,2014-8
DIIV,0,2014-9
DIIV,0,2014-10
DIIV,13,2014-11
DIIV,0,2014-12
The Decemberists,0,2008-8
The Decemberists,0,2008-9
The Decemberists,0,2008-10
The Decemberists,0,2008-11
The Decemberists,0,2008-12
The Decemberists,0,2009-1
The Decemberists,0,2009-2
The Decemberists,0,2009-3
The Decemberists,0,2009-4
The Decemberists,0,2009-5
The Decemberists,0,2009-6
The Decemberists,0,2009-7
The Decemberists,3,2009-8
The Decemberists,0,2009-9
The Decemberists,0,2009-10
The Decemberists,0,2009-11
The Decemberists,0,2009-12
The Decemberists,0,2010-1
The Decemberists,0,2010-2
The Decemberists,0,2010-3
The Decemberists,0,2010-4
The Decemberists,0,2010-5
The Decemberists,0,2010-6
The Decemberists,0,2010-7
The Decemberists,0,2010-8
The Decemberists,0,2010-9
The Decemberists,0,2010-10
The Decemberists,6,2010-11
The Decemberists,31,2010-12
The Decemberists,16,2011-1
The Decemberists,2,2011-2
The Decemberists,1,2011-3
The Decemberists,0,2011-4
The Decemberists,3,2011-5
The Decemberists,7,2011-6
The Decemberists,11,2011-7
The Decemberists,0,2011-8
The Decemberists,6,2011-9
The Decemberists,0,2011-10
The Decemberists,2,2011-11
The Decemberists,0,2011-12
The Decemberists,0,2012-1
The Decemberists,1,2012-2
The Decemberists,0,2012-3
The Decemberists,0,2012-4
The Decemberists,1,2012-5
The Decemberists,2,2012-6
The Decemberists,0,2012-7
The Decemberists,0,2012-8
The Decemberists,0,2012-9
The Decemberists,0,2012-10
The Decemberists,0,2012-11
The Decemberists,0,2012-12
The Decemberists,0,2013-1
The Decemberists,0,2013-2
The Decemberists,0,2013-3
The Decemberists,0,2013-4
The Decemberists,3,2013-5
The Decemberists,0,2013-6
The Decemberists,0,2013-7
The Decemberists,0,2013-8
The Decemberists,0,2013-9
The Decemberists,0,2013-10
The Decemberists,3,2013-11
The Decemberists,0,2013-12
The Decemberists,0,2014-1
The Decemberists,16,2014-2
The Decemberists,1,2014-3
The Decemberists,13,2014-4
The Decemberists,0,2014-5
The Decemberists,6,2014-6
The Decemberists,0,2014-7
The Decemberists,0,2014-8
The Decemberists,0,2014-9
The Decemberists,0,2014-10
The Decemberists,0,2014-11
The Decemberists,9,2014-12
Spoon,0,2008-8
Spoon,0,2008-9
Spoon,0,2008-10
Spoon,0,2008-11
Spoon,0,2008-12
Spoon,0,2009-1
Spoon,0,2009-2
Spoon,0,2009-3
Spoon,0,2009-4
Spoon,0,2009-5
Spoon,0,2009-6
Spoon,0,2009-7
Spoon,0,2009-8
Spoon,0,2009-9
Spoon,0,2009-10
Spoon,0,2009-11
Spoon,0,2009-12
Spoon,0,2010-1
Spoon,0,2010-2
Spoon,0,2010-3
Spoon,0,2010-4
Spoon,0,2010-5
Spoon,0,2010-6
Spoon,0,2010-7
Spoon,0,2010-8
Spoon,0,2010-9
Spoon,0,2010-10
Spoon,1,2010-11
Spoon,3,2010-12
Spoon,2,2011-1
Spoon,7,2011-2
Spoon,8,2011-3
Spoon,6,2011-4
Spoon,2,2011-5
Spoon,4,2011-6
Spoon,2,2011-7
Spoon,0,2011-8
Spoon,0,2011-9
Spoon,0,2011-10
Spoon,0,2011-11
Spoon,1,2011-12
Spoon,0,2012-1
Spoon,0,2012-2
Spoon,0,2012-3
Spoon,1,2012-4
Spoon,0,2012-5
Spoon,1,2012-6
Spoon,0,2012-7
Spoon,0,2012-8
Spoon,0,2012-9
Spoon,0,2012-10
Spoon,0,2012-11
Spoon,0,2012-12
Spoon,1,2013-1
Spoon,0,2013-2
Spoon,0,2013-3
Spoon,0,2013-4
Spoon,0,2013-5
Spoon,0,2013-6
Spoon,0,2013-7
Spoon,1,2013-8
Spoon,0,2013-9
Spoon,0,2013-10
Spoon,0,2013-11
Spoon,0,2013-12
Spoon,0,2014-1
Spoon,0,2014-2
Spoon,4,2014-3
Spoon,0,2014-4
Spoon,0,2014-5
Spoon,0,2014-6
Spoon,0,2014-7
Spoon,39,2014-8
Spoon,39,2014-9
Spoon,9,2014-10
Spoon,0,2014-11
Spoon,11,2014-12
Yeah Yeah Yeahs,0,2008-8
Yeah Yeah Yeahs,0,2008-9
Yeah Yeah Yeahs,0,2008-10
Yeah Yeah Yeahs,0,2008-11
Yeah Yeah Yeahs,0,2008-12
Yeah Yeah Yeahs,0,2009-1
Yeah Yeah Yeahs,0,2009-2
Yeah Yeah Yeahs,0,2009-3
Yeah Yeah Yeahs,0,2009-4
Yeah Yeah Yeahs,0,2009-5
Yeah Yeah Yeahs,0,2009-6
Yeah Yeah Yeahs,0,2009-7
Yeah Yeah Yeahs,4,2009-8
Yeah Yeah Yeahs,0,2009-9
Yeah Yeah Yeahs,0,2009-10
Yeah Yeah Yeahs,0,2009-11
Yeah Yeah Yeahs,0,2009-12
Yeah Yeah Yeahs,0,2010-1
Yeah Yeah Yeahs,0,2010-2
Yeah Yeah Yeahs,0,2010-3
Yeah Yeah Yeahs,0,2010-4
Yeah Yeah Yeahs,0,2010-5
Yeah Yeah Yeahs,0,2010-6
Yeah Yeah Yeahs,0,2010-7
Yeah Yeah Yeahs,0,2010-8
Yeah Yeah Yeahs,0,2010-9
Yeah Yeah Yeahs,0,2010-10
Yeah Yeah Yeahs,10,2010-11
Yeah Yeah Yeahs,15,2010-12
Yeah Yeah Yeahs,6,2011-1
Yeah Yeah Yeahs,9,2011-2
Yeah Yeah Yeahs,4,2011-3
Yeah Yeah Yeahs,16,2011-4
Yeah Yeah Yeahs,7,2011-5
Yeah Yeah Yeahs,1,2011-6
Yeah Yeah Yeahs,0,2011-7
Yeah Yeah Yeahs,0,2011-8
Yeah Yeah Yeahs,0,2011-9
Yeah Yeah Yeahs,0,2011-10
Yeah Yeah Yeahs,0,2011-11
Yeah Yeah Yeahs,1,2011-12
Yeah Yeah Yeahs,0,2012-1
Yeah Yeah Yeahs,1,2012-2
Yeah Yeah Yeahs,0,2012-3
Yeah Yeah Yeahs,0,2012-4
Yeah Yeah Yeahs,2,2012-5
Yeah Yeah Yeahs,0,2012-6
Yeah Yeah Yeahs,6,2012-7
Yeah Yeah Yeahs,0,2012-8
Yeah Yeah Yeahs,0,2012-9
Yeah Yeah Yeahs,0,2012-10
Yeah Yeah Yeahs,0,2012-11
Yeah Yeah Yeahs,0,2012-12
Yeah Yeah Yeahs,2,2013-1
Yeah Yeah Yeahs,0,2013-2
Yeah Yeah Yeahs,0,2013-3
Yeah Yeah Yeahs,5,2013-4
Yeah Yeah Yeahs,0,2013-5
Yeah Yeah Yeahs,11,2013-6
Yeah Yeah Yeahs,2,2013-7
Yeah Yeah Yeahs,0,2013-8
Yeah Yeah Yeahs,0,2013-9
Yeah Yeah Yeahs,0,2013-10
Yeah Yeah Yeahs,2,2013-11
Yeah Yeah Yeahs,0,2013-12
Yeah Yeah Yeahs,2,2014-1
Yeah Yeah Yeahs,9,2014-2
Yeah Yeah Yeahs,4,2014-3
Yeah Yeah Yeahs,0,2014-4
Yeah Yeah Yeahs,8,2014-5
Yeah Yeah Yeahs,0,2014-6
Yeah Yeah Yeahs,2,2014-7
Yeah Yeah Yeahs,2,2014-8
Yeah Yeah Yeahs,0,2014-9
Yeah Yeah Yeahs,0,2014-10
Yeah Yeah Yeahs,0,2014-11
Yeah Yeah Yeahs,0,2014-12
Crystal Castles,0,2008-8
Crystal Castles,0,2008-9
Crystal Castles,0,2008-10
Crystal Castles,0,2008-11
Crystal Castles,0,2008-12
Crystal Castles,0,2009-1
Crystal Castles,0,2009-2
Crystal Castles,0,2009-3
Crystal Castles,0,2009-4
Crystal Castles,0,2009-5
Crystal Castles,0,2009-6
Crystal Castles,0,2009-7
Crystal Castles,0,2009-8
Crystal Castles,0,2009-9
Crystal Castles,0,2009-10
Crystal Castles,0,2009-11
Crystal Castles,0,2009-12
Crystal Castles,0,2010-1
Crystal Castles,0,2010-2
Crystal Castles,0,2010-3
Crystal Castles,0,2010-4
Crystal Castles,0,2010-5
Crystal Castles,0,2010-6
Crystal Castles,0,2010-7
Crystal Castles,0,2010-8
Crystal Castles,0,2010-9
Crystal Castles,0,2010-10
Crystal Castles,3,2010-11
Crystal Castles,34,2010-12
Crystal Castles,19,2011-1
Crystal Castles,11,2011-2
Crystal Castles,3,2011-3
Crystal Castles,5,2011-4
Crystal Castles,4,2011-5
Crystal Castles,0,2011-6
Crystal Castles,0,2011-7
Crystal Castles,0,2011-8
Crystal Castles,3,2011-9
Crystal Castles,0,2011-10
Crystal Castles,3,2011-11
Crystal Castles,0,2011-12
Crystal Castles,0,2012-1
Crystal Castles,0,2012-2
Crystal Castles,1,2012-3
Crystal Castles,1,2012-4
Crystal Castles,4,2012-5
Crystal Castles,0,2012-6
Crystal Castles,0,2012-7
Crystal Castles,0,2012-8
Crystal Castles,0,2012-9
Crystal Castles,0,2012-10
Crystal Castles,0,2012-11
Crystal Castles,0,2012-12
Crystal Castles,4,2013-1
Crystal Castles,2,2013-2
Crystal Castles,0,2013-3
Crystal Castles,0,2013-4
Crystal Castles,0,2013-5
Crystal Castles,0,2013-6
Crystal Castles,0,2013-7
Crystal Castles,0,2013-8
Crystal Castles,0,2013-9
Crystal Castles,0,2013-10
Crystal Castles,0,2013-11
Crystal Castles,0,2013-12
Crystal Castles,0,2014-1
Crystal Castles,4,2014-2
Crystal Castles,5,2014-3
Crystal Castles,0,2014-4
Crystal Castles,0,2014-5
Crystal Castles,0,2014-6
Crystal Castles,7,2014-7
Crystal Castles,8,2014-8
Crystal Castles,1,2014-9
Crystal Castles,2,2014-10
Crystal Castles,1,2014-11
Crystal Castles,6,2014-12
Temples,0,2008-8
Temples,0,2008-9
Temples,0,2008-10
Temples,0,2008-11
Temples,0,2008-12
Temples,0,2009-1
Temples,0,2009-2
Temples,0,2009-3
Temples,0,2009-4
Temples,0,2009-5
Temples,0,2009-6
Temples,0,2009-7
Temples,0,2009-8
Temples,0,2009-9
Temples,0,2009-10
Temples,0,2009-11
Temples,0,2009-12
Temples,0,2010-1
Temples,0,2010-2
Temples,0,2010-3
Temples,0,2010-4
Temples,0,2010-5
Temples,0,2010-6
Temples,0,2010-7
Temples,0,2010-8
Temples,0,2010-9
Temples,0,2010-10
Temples,0,2010-11
Temples,0,2010-12
Temples,0,2011-1
Temples,0,2011-2
Temples,0,2011-3
Temples,0,2011-4
Temples,0,2011-5
Temples,0,2011-6
Temples,0,2011-7
Temples,0,2011-8
Temples,0,2011-9
Temples,0,2011-10
Temples,0,2011-11
Temples,0,2011-12
Temples,0,2012-1
Temples,0,2012-2
Temples,0,2012-3
Temples,0,2012-4
Temples,0,2012-5
Temples,0,2012-6
Temples,0,2012-7
Temples,0,2012-8
Temples,0,2012-9
Temples,0,2012-10
Temples,0,2012-11
Temples,0,2012-12
Temples,0,2013-1
Temples,0,2013-2
Temples,0,2013-3
Temples,0,2013-4
Temples,0,2013-5
Temples,0,2013-6
Temples,0,2013-7
Temples,0,2013-8
Temples,0,2013-9
Temples,0,2013-10
Temples,0,2013-11
Temples,0,2013-12
Temples,0,2014-1
Temples,35,2014-2
Temples,51,2014-3
Temples,26,2014-4
Temples,1,2014-5
Temples,0,2014-6
Temples,0,2014-7
Temples,0,2014-8
Temples,10,2014-9
Temples,0,2014-10
Temples,0,2014-11
Temples,3,2014-12
Best Coast,0,2008-8
Best Coast,0,2008-9
Best Coast,0,2008-10
Best Coast,0,2008-11
Best Coast,0,2008-12
Best Coast,0,2009-1
Best Coast,0,2009-2
Best Coast,0,2009-3
Best Coast,0,2009-4
Best Coast,0,2009-5
Best Coast,0,2009-6
Best Coast,0,2009-7
Best Coast,0,2009-8
Best Coast,0,2009-9
Best Coast,0,2009-10
Best Coast,0,2009-11
Best Coast,0,2009-12
Best Coast,0,2010-1
Best Coast,0,2010-2
Best Coast,0,2010-3
Best Coast,0,2010-4
Best Coast,0,2010-5
Best Coast,0,2010-6
Best Coast,0,2010-7
Best Coast,0,2010-8
Best Coast,0,2010-9
Best Coast,0,2010-10
Best Coast,0,2010-11
Best Coast,9,2010-12
Best Coast,6,2011-1
Best Coast,17,2011-2
Best Coast,8,2011-3
Best Coast,0,2011-4
Best Coast,4,2011-5
Best Coast,4,2011-6
Best Coast,6,2011-7
Best Coast,0,2011-8
Best Coast,1,2011-9
Best Coast,1,2011-10
Best Coast,0,2011-11
Best Coast,0,2011-12
Best Coast,0,2012-1
Best Coast,0,2012-2
Best Coast,0,2012-3
Best Coast,13,2012-4
Best Coast,31,2012-5
Best Coast,0,2012-6
Best Coast,19,2012-7
Best Coast,0,2012-8
Best Coast,0,2012-9
Best Coast,1,2012-10
Best Coast,0,2012-11
Best Coast,0,2012-12
Best Coast,0,2013-1
Best Coast,0,2013-2
Best Coast,0,2013-3
Best Coast,0,2013-4
Best Coast,0,2013-5
Best Coast,0,2013-6
Best Coast,0,2013-7
Best Coast,1,2013-8
Best Coast,0,2013-9
Best Coast,0,2013-10
Best Coast,3,2013-11
Best Coast,0,2013-12
Best Coast,2,2014-1
Best Coast,0,2014-2
Best Coast,0,2014-3
Best Coast,0,2014-4
Best Coast,0,2014-5
Best Coast,0,2014-6
Best Coast,0,2014-7
Best Coast,0,2014-8
Best Coast,0,2014-9
Best Coast,0,2014-10
Best Coast,0,2014-11
Best Coast,0,2014-12
The Microphones,0,2008-8
The Microphones,0,2008-9
The Microphones,0,2008-10
The Microphones,0,2008-11
The Microphones,0,2008-12
The Microphones,0,2009-1
The Microphones,0,2009-2
The Microphones,0,2009-3
The Microphones,0,2009-4
The Microphones,0,2009-5
The Microphones,0,2009-6
The Microphones,0,2009-7
The Microphones,0,2009-8
The Microphones,0,2009-9
The Microphones,0,2009-10
The Microphones,0,2009-11
The Microphones,0,2009-12
The Microphones,0,2010-1
The Microphones,0,2010-2
The Microphones,0,2010-3
The Microphones,0,2010-4
The Microphones,0,2010-5
The Microphones,0,2010-6
The Microphones,0,2010-7
The Microphones,0,2010-8
The Microphones,0,2010-9
The Microphones,0,2010-10
The Microphones,0,2010-11
The Microphones,0,2010-12
The Microphones,0,2011-1
The Microphones,0,2011-2
The Microphones,0,2011-3
The Microphones,0,2011-4
The Microphones,0,2011-5
The Microphones,0,2011-6
The Microphones,0,2011-7
The Microphones,0,2011-8
The Microphones,0,2011-9
The Microphones,0,2011-10
The Microphones,0,2011-11
The Microphones,0,2011-12
The Microphones,0,2012-1
The Microphones,0,2012-2
The Microphones,0,2012-3
The Microphones,0,2012-4
The Microphones,0,2012-5
The Microphones,20,2012-6
The Microphones,32,2012-7
The Microphones,0,2012-8
The Microphones,0,2012-9
The Microphones,0,2012-10
The Microphones,0,2012-11
The Microphones,0,2012-12
The Microphones,0,2013-1
The Microphones,0,2013-2
The Microphones,0,2013-3
The Microphones,0,2013-4
The Microphones,0,2013-5
The Microphones,0,2013-6
The Microphones,0,2013-7
The Microphones,0,2013-8
The Microphones,0,2013-9
The Microphones,0,2013-10
The Microphones,0,2013-11
The Microphones,0,2013-12
The Microphones,0,2014-1
The Microphones,0,2014-2
The Microphones,0,2014-3
The Microphones,0,2014-4
The Microphones,0,2014-5
The Microphones,30,2014-6
The Microphones,14,2014-7
The Microphones,3,2014-8
The Microphones,0,2014-9
The Microphones,19,2014-10
The Microphones,0,2014-11
The Microphones,5,2014-12
Alpine,0,2008-8
Alpine,0,2008-9
Alpine,0,2008-10
Alpine,0,2008-11
Alpine,0,2008-12
Alpine,0,2009-1
Alpine,0,2009-2
Alpine,0,2009-3
Alpine,0,2009-4
Alpine,0,2009-5
Alpine,0,2009-6
Alpine,0,2009-7
Alpine,0,2009-8
Alpine,0,2009-9
Alpine,0,2009-10
Alpine,0,2009-11
Alpine,0,2009-12
Alpine,0,2010-1
Alpine,0,2010-2
Alpine,0,2010-3
Alpine,0,2010-4
Alpine,0,2010-5
Alpine,0,2010-6
Alpine,0,2010-7
Alpine,0,2010-8
Alpine,0,2010-9
Alpine,0,2010-10
Alpine,0,2010-11
Alpine,0,2010-12
Alpine,0,2011-1
Alpine,0,2011-2
Alpine,0,2011-3
Alpine,0,2011-4
Alpine,0,2011-5
Alpine,0,2011-6
Alpine,0,2011-7
Alpine,0,2011-8
Alpine,0,2011-9
Alpine,0,2011-10
Alpine,0,2011-11
Alpine,0,2011-12
Alpine,0,2012-1
Alpine,0,2012-2
Alpine,0,2012-3
Alpine,0,2012-4
Alpine,0,2012-5
Alpine,0,2012-6
Alpine,0,2012-7
Alpine,0,2012-8
Alpine,0,2012-9
Alpine,0,2012-10
Alpine,0,2012-11
Alpine,0,2012-12
Alpine,0,2013-1
Alpine,0,2013-2
Alpine,0,2013-3
Alpine,0,2013-4
Alpine,0,2013-5
Alpine,53,2013-6
Alpine,12,2013-7
Alpine,2,2013-8
Alpine,0,2013-9
Alpine,0,2013-10
Alpine,1,2013-11
Alpine,0,2013-12
Alpine,0,2014-1
Alpine,11,2014-2
Alpine,17,2014-3
Alpine,0,2014-4
Alpine,11,2014-5
Alpine,0,2014-6
Alpine,8,2014-7
Alpine,0,2014-8
Alpine,0,2014-9
Alpine,8,2014-10
Alpine,0,2014-11
Alpine,0,2014-12
Radiohead,0,2008-8
Radiohead,0,2008-9
Radiohead,0,2008-10
Radiohead,0,2008-11
Radiohead,0,2008-12
Radiohead,0,2009-1
Radiohead,0,2009-2
Radiohead,0,2009-3
Radiohead,0,2009-4
Radiohead,0,2009-5
Radiohead,0,2009-6
Radiohead,0,2009-7
Radiohead,8,2009-8
Radiohead,0,2009-9
Radiohead,0,2009-10
Radiohead,0,2009-11
Radiohead,0,2009-12
Radiohead,0,2010-1
Radiohead,0,2010-2
Radiohead,0,2010-3
Radiohead,0,2010-4
Radiohead,0,2010-5
Radiohead,0,2010-6
Radiohead,0,2010-7
Radiohead,0,2010-8
Radiohead,0,2010-9
Radiohead,0,2010-10
Radiohead,1,2010-11
Radiohead,8,2010-12
Radiohead,1,2011-1
Radiohead,2,2011-2
Radiohead,2,2011-3
Radiohead,11,2011-4
Radiohead,0,2011-5
Radiohead,1,2011-6
Radiohead,2,2011-7
Radiohead,0,2011-8
Radiohead,6,2011-9
Radiohead,1,2011-10
Radiohead,0,2011-11
Radiohead,0,2011-12
Radiohead,0,2012-1
Radiohead,0,2012-2
Radiohead,0,2012-3
Radiohead,0,2012-4
Radiohead,3,2012-5
Radiohead,7,2012-6
Radiohead,1,2012-7
Radiohead,0,2012-8
Radiohead,4,2012-9
Radiohead,0,2012-10
Radiohead,0,2012-11
Radiohead,0,2012-12
Radiohead,0,2013-1
Radiohead,4,2013-2
Radiohead,1,2013-3
Radiohead,0,2013-4
Radiohead,0,2013-5
Radiohead,0,2013-6
Radiohead,0,2013-7
Radiohead,0,2013-8
Radiohead,0,2013-9
Radiohead,0,2013-10
Radiohead,0,2013-11
Radiohead,0,2013-12
Radiohead,2,2014-1
Radiohead,2,2014-2
Radiohead,7,2014-3
Radiohead,8,2014-4
Radiohead,12,2014-5
Radiohead,4,2014-6
Radiohead,12,2014-7
Radiohead,8,2014-8
Radiohead,0,2014-9
Radiohead,0,2014-10
Radiohead,0,2014-11
Radiohead,0,2014-12
Klaxons,0,2008-8
Klaxons,0,2008-9
Klaxons,0,2008-10
Klaxons,0,2008-11
Klaxons,0,2008-12
Klaxons,0,2009-1
Klaxons,0,2009-2
Klaxons,0,2009-3
Klaxons,0,2009-4
Klaxons,0,2009-5
Klaxons,0,2009-6
Klaxons,0,2009-7
Klaxons,0,2009-8
Klaxons,0,2009-9
Klaxons,0,2009-10
Klaxons,0,2009-11
Klaxons,0,2009-12
Klaxons,0,2010-1
Klaxons,0,2010-2
Klaxons,0,2010-3
Klaxons,0,2010-4
Klaxons,0,2010-5
Klaxons,0,2010-6
Klaxons,0,2010-7
Klaxons,0,2010-8
Klaxons,0,2010-9
Klaxons,0,2010-10
Klaxons,0,2010-11
Klaxons,20,2010-12
Klaxons,43,2011-1
Klaxons,14,2011-2
Klaxons,1,2011-3
Klaxons,4,2011-4
Klaxons,1,2011-5
Klaxons,0,2011-6
Klaxons,0,2011-7
Klaxons,0,2011-8
Klaxons,0,2011-9
Klaxons,0,2011-10
Klaxons,0,2011-11
Klaxons,0,2011-12
Klaxons,0,2012-1
Klaxons,1,2012-2
Klaxons,0,2012-3
Klaxons,0,2012-4
Klaxons,4,2012-5
Klaxons,0,2012-6
Klaxons,0,2012-7
Klaxons,0,2012-8
Klaxons,0,2012-9
Klaxons,0,2012-10
Klaxons,9,2012-11
Klaxons,0,2012-12
Klaxons,1,2013-1
Klaxons,0,2013-2
Klaxons,0,2013-3
Klaxons,0,2013-4
Klaxons,0,2013-5
Klaxons,0,2013-6
Klaxons,0,2013-7
Klaxons,0,2013-8
Klaxons,0,2013-9
Klaxons,0,2013-10
Klaxons,0,2013-11
Klaxons,1,2013-12
Klaxons,0,2014-1
Klaxons,1,2014-2
Klaxons,0,2014-3
Klaxons,0,2014-4
Klaxons,0,2014-5
Klaxons,4,2014-6
Klaxons,3,2014-7
Klaxons,3,2014-8
Klaxons,4,2014-9
Klaxons,1,2014-10
Klaxons,1,2014-11
Klaxons,3,2014-12
Craft Spells,0,2008-8
Craft Spells,0,2008-9
Craft Spells,0,2008-10
Craft Spells,0,2008-11
Craft Spells,0,2008-12
Craft Spells,0,2009-1
Craft Spells,0,2009-2
Craft Spells,0,2009-3
Craft Spells,0,2009-4
Craft Spells,0,2009-5
Craft Spells,0,2009-6
Craft Spells,0,2009-7
Craft Spells,0,2009-8
Craft Spells,0,2009-9
Craft Spells,0,2009-10
Craft Spells,0,2009-11
Craft Spells,0,2009-12
Craft Spells,0,2010-1
Craft Spells,0,2010-2
Craft Spells,0,2010-3
Craft Spells,0,2010-4
Craft Spells,0,2010-5
Craft Spells,0,2010-6
Craft Spells,0,2010-7
Craft Spells,0,2010-8
Craft Spells,0,2010-9
Craft Spells,0,2010-10
Craft Spells,0,2010-11
Craft Spells,0,2010-12
Craft Spells,0,2011-1
Craft Spells,0,2011-2
Craft Spells,0,2011-3
Craft Spells,0,2011-4
Craft Spells,0,2011-5
Craft Spells,0,2011-6
Craft Spells,0,2011-7
Craft Spells,0,2011-8
Craft Spells,0,2011-9
Craft Spells,0,2011-10
Craft Spells,0,2011-11
Craft Spells,0,2011-12
Craft Spells,0,2012-1
Craft Spells,0,2012-2
Craft Spells,0,2012-3
Craft Spells,0,2012-4
Craft Spells,0,2012-5
Craft Spells,0,2012-6
Craft Spells,0,2012-7
Craft Spells,1,2012-8
Craft Spells,0,2012-9
Craft Spells,0,2012-10
Craft Spells,0,2012-11
Craft Spells,0,2012-12
Craft Spells,7,2013-1
Craft Spells,1,2013-2
Craft Spells,0,2013-3
Craft Spells,0,2013-4
Craft Spells,0,2013-5
Craft Spells,0,2013-6
Craft Spells,0,2013-7
Craft Spells,0,2013-8
Craft Spells,0,2013-9
Craft Spells,0,2013-10
Craft Spells,0,2013-11
Craft Spells,0,2013-12
Craft Spells,0,2014-1
Craft Spells,0,2014-2
Craft Spells,0,2014-3
Craft Spells,0,2014-4
Craft Spells,0,2014-5
Craft Spells,35,2014-6
Craft Spells,22,2014-7
Craft Spells,47,2014-8
Craft Spells,6,2014-9
Craft Spells,0,2014-10
Craft Spells,0,2014-11
Craft Spells,0,2014-12
Cat Stevens,0,2008-8
Cat Stevens,0,2008-9
Cat Stevens,0,2008-10
Cat Stevens,0,2008-11
Cat Stevens,0,2008-12
Cat Stevens,0,2009-1
Cat Stevens,0,2009-2
Cat Stevens,0,2009-3
Cat Stevens,0,2009-4
Cat Stevens,0,2009-5
Cat Stevens,0,2009-6
Cat Stevens,0,2009-7
Cat Stevens,0,2009-8
Cat Stevens,0,2009-9
Cat Stevens,0,2009-10
Cat Stevens,0,2009-11
Cat Stevens,0,2009-12
Cat Stevens,0,2010-1
Cat Stevens,0,2010-2
Cat Stevens,0,2010-3
Cat Stevens,0,2010-4
Cat Stevens,0,2010-5
Cat Stevens,0,2010-6
Cat Stevens,0,2010-7
Cat Stevens,0,2010-8
Cat Stevens,0,2010-9
Cat Stevens,0,2010-10
Cat Stevens,1,2010-11
Cat Stevens,20,2010-12
Cat Stevens,33,2011-1
Cat Stevens,2,2011-2
Cat Stevens,18,2011-3
Cat Stevens,0,2011-4
Cat Stevens,0,2011-5
Cat Stevens,0,2011-6
Cat Stevens,0,2011-7
Cat Stevens,0,2011-8
Cat Stevens,1,2011-9
Cat Stevens,0,2011-10
Cat Stevens,0,2011-11
Cat Stevens,7,2011-12
Cat Stevens,0,2012-1
Cat Stevens,0,2012-2
Cat Stevens,0,2012-3
Cat Stevens,0,2012-4
Cat Stevens,0,2012-5
Cat Stevens,0,2012-6
Cat Stevens,13,2012-7
Cat Stevens,0,2012-8
Cat Stevens,0,2012-9
Cat Stevens,0,2012-10
Cat Stevens,0,2012-11
Cat Stevens,0,2012-12
Cat Stevens,0,2013-1
Cat Stevens,0,2013-2
Cat Stevens,0,2013-3
Cat Stevens,0,2013-4
Cat Stevens,11,2013-5
Cat Stevens,0,2013-6
Cat Stevens,10,2013-7
Cat Stevens,0,2013-8
Cat Stevens,0,2013-9
Cat Stevens,0,2013-10
Cat Stevens,0,2013-11
Cat Stevens,0,2013-12
Cat Stevens,0,2014-1
Cat Stevens,0,2014-2
Cat Stevens,1,2014-3
Cat Stevens,0,2014-4
Cat Stevens,0,2014-5
Cat Stevens,0,2014-6
Cat Stevens,0,2014-7
Cat Stevens,0,2014-8
Cat Stevens,0,2014-9
Cat Stevens,0,2014-10
Cat Stevens,0,2014-11
Cat Stevens,0,2014-12
Neon Indian,0,2008-8
Neon Indian,0,2008-9
Neon Indian,0,2008-10
Neon Indian,0,2008-11
Neon Indian,0,2008-12
Neon Indian,0,2009-1
Neon Indian,0,2009-2
Neon Indian,0,2009-3
Neon Indian,0,2009-4
Neon Indian,0,2009-5
Neon Indian,0,2009-6
Neon Indian,0,2009-7
Neon Indian,0,2009-8
Neon Indian,0,2009-9
Neon Indian,0,2009-10
Neon Indian,0,2009-11
Neon Indian,0,2009-12
Neon Indian,0,2010-1
Neon Indian,0,2010-2
Neon Indian,0,2010-3
Neon Indian,0,2010-4
Neon Indian,0,2010-5
Neon Indian,0,2010-6
Neon Indian,0,2010-7
Neon Indian,0,2010-8
Neon Indian,0,2010-9
Neon Indian,0,2010-10
Neon Indian,0,2010-11
Neon Indian,0,2010-12
Neon Indian,0,2011-1
Neon Indian,0,2011-2
Neon Indian,2,2011-3
Neon Indian,9,2011-4
Neon Indian,2,2011-5
Neon Indian,0,2011-6
Neon Indian,0,2011-7
Neon Indian,0,2011-8
Neon Indian,1,2011-9
Neon Indian,0,2011-10
Neon Indian,0,2011-11
Neon Indian,0,2011-12
Neon Indian,0,2012-1
Neon Indian,0,2012-2
Neon Indian,0,2012-3
Neon Indian,1,2012-4
Neon Indian,3,2012-5
Neon Indian,0,2012-6
Neon Indian,17,2012-7
Neon Indian,4,2012-8
Neon Indian,1,2012-9
Neon Indian,3,2012-10
Neon Indian,1,2012-11
Neon Indian,0,2012-12
Neon Indian,0,2013-1
Neon Indian,1,2013-2
Neon Indian,1,2013-3
Neon Indian,0,2013-4
Neon Indian,0,2013-5
Neon Indian,0,2013-6
Neon Indian,0,2013-7
Neon Indian,5,2013-8
Neon Indian,4,2013-9
Neon Indian,2,2013-10
Neon Indian,13,2013-11
Neon Indian,0,2013-12
Neon Indian,0,2014-1
Neon Indian,2,2014-2
Neon Indian,3,2014-3
Neon Indian,18,2014-4
Neon Indian,5,2014-5
Neon Indian,0,2014-6
Neon Indian,2,2014-7
Neon Indian,3,2014-8
Neon Indian,0,2014-9
Neon Indian,4,2014-10
Neon Indian,1,2014-11
Neon Indian,1,2014-12
Tennis,0,2008-8
Tennis,0,2008-9
Tennis,0,2008-10
Tennis,0,2008-11
Tennis,0,2008-12
Tennis,0,2009-1
Tennis,0,2009-2
Tennis,0,2009-3
Tennis,0,2009-4
Tennis,0,2009-5
Tennis,0,2009-6
Tennis,0,2009-7
Tennis,0,2009-8
Tennis,0,2009-9
Tennis,0,2009-10
Tennis,0,2009-11
Tennis,0,2009-12
Tennis,0,2010-1
Tennis,0,2010-2
Tennis,0,2010-3
Tennis,0,2010-4
Tennis,0,2010-5
Tennis,0,2010-6
Tennis,0,2010-7
Tennis,0,2010-8
Tennis,0,2010-9
Tennis,0,2010-10
Tennis,0,2010-11
Tennis,0,2010-12
Tennis,0,2011-1
Tennis,4,2011-2
Tennis,0,2011-3
Tennis,0,2011-4
Tennis,0,2011-5
Tennis,0,2011-6
Tennis,0,2011-7
Tennis,0,2011-8
Tennis,0,2011-9
Tennis,0,2011-10
Tennis,0,2011-11
Tennis,0,2011-12
Tennis,0,2012-1
Tennis,0,2012-2
Tennis,0,2012-3
Tennis,0,2012-4
Tennis,0,2012-5
Tennis,0,2012-6
Tennis,0,2012-7
Tennis,0,2012-8
Tennis,0,2012-9
Tennis,1,2012-10
Tennis,0,2012-11
Tennis,0,2012-12
Tennis,0,2013-1
Tennis,0,2013-2
Tennis,0,2013-3
Tennis,0,2013-4
Tennis,0,2013-5
Tennis,0,2013-6
Tennis,0,2013-7
Tennis,2,2013-8
Tennis,0,2013-9
Tennis,0,2013-10
Tennis,14,2013-11
Tennis,0,2013-12
Tennis,14,2014-1
Tennis,18,2014-2
Tennis,10,2014-3
Tennis,0,2014-4
Tennis,0,2014-5
Tennis,7,2014-6
Tennis,5,2014-7
Tennis,0,2014-8
Tennis,20,2014-9
Tennis,5,2014-10
Tennis,1,2014-11
Tennis,1,2014-12
Beach Fossils,0,2008-8
Beach Fossils,0,2008-9
Beach Fossils,0,2008-10
Beach Fossils,0,2008-11
Beach Fossils,0,2008-12
Beach Fossils,0,2009-1
Beach Fossils,0,2009-2
Beach Fossils,0,2009-3
Beach Fossils,0,2009-4
Beach Fossils,0,2009-5
Beach Fossils,0,2009-6
Beach Fossils,0,2009-7
Beach Fossils,0,2009-8
Beach Fossils,0,2009-9
Beach Fossils,0,2009-10
Beach Fossils,0,2009-11
Beach Fossils,0,2009-12
Beach Fossils,0,2010-1
Beach Fossils,0,2010-2
Beach Fossils,0,2010-3
Beach Fossils,0,2010-4
Beach Fossils,0,2010-5
Beach Fossils,0,2010-6
Beach Fossils,0,2010-7
Beach Fossils,0,2010-8
Beach Fossils,0,2010-9
Beach Fossils,0,2010-10
Beach Fossils,0,2010-11
Beach Fossils,0,2010-12
Beach Fossils,0,2011-1
Beach Fossils,4,2011-2
Beach Fossils,4,2011-3
Beach Fossils,0,2011-4
Beach Fossils,1,2011-5
Beach Fossils,0,2011-6
Beach Fossils,0,2011-7
Beach Fossils,0,2011-8
Beach Fossils,0,2011-9
Beach Fossils,0,2011-10
Beach Fossils,0,2011-11
Beach Fossils,0,2011-12
Beach Fossils,0,2012-1
Beach Fossils,0,2012-2
Beach Fossils,0,2012-3
Beach Fossils,0,2012-4
Beach Fossils,0,2012-5
Beach Fossils,0,2012-6
Beach Fossils,0,2012-7
Beach Fossils,2,2012-8
Beach Fossils,3,2012-9
Beach Fossils,10,2012-10
Beach Fossils,0,2012-11
Beach Fossils,0,2012-12
Beach Fossils,2,2013-1
Beach Fossils,3,2013-2
Beach Fossils,1,2013-3
Beach Fossils,0,2013-4
Beach Fossils,0,2013-5
Beach Fossils,1,2013-6
Beach Fossils,0,2013-7
Beach Fossils,4,2013-8
Beach Fossils,2,2013-9
Beach Fossils,2,2013-10
Beach Fossils,1,2013-11
Beach Fossils,0,2013-12
Beach Fossils,0,2014-1
Beach Fossils,7,2014-2
Beach Fossils,1,2014-3
Beach Fossils,0,2014-4
Beach Fossils,7,2014-5
Beach Fossils,0,2014-6
Beach Fossils,20,2014-7
Beach Fossils,14,2014-8
Beach Fossils,0,2014-9
Beach Fossils,0,2014-10
Beach Fossils,3,2014-11
Beach Fossils,11,2014-12
Neutral Milk Hotel,0,2008-8
Neutral Milk Hotel,0,2008-9
Neutral Milk Hotel,0,2008-10
Neutral Milk Hotel,0,2008-11
Neutral Milk Hotel,0,2008-12
Neutral Milk Hotel,0,2009-1
Neutral Milk Hotel,0,2009-2
Neutral Milk Hotel,0,2009-3
Neutral Milk Hotel,0,2009-4
Neutral Milk Hotel,0,2009-5
Neutral Milk Hotel,0,2009-6
Neutral Milk Hotel,0,2009-7
Neutral Milk Hotel,0,2009-8
Neutral Milk Hotel,0,2009-9
Neutral Milk Hotel,0,2009-10
Neutral Milk Hotel,0,2009-11
Neutral Milk Hotel,0,2009-12
Neutral Milk Hotel,0,2010-1
Neutral Milk Hotel,0,2010-2
Neutral Milk Hotel,0,2010-3
Neutral Milk Hotel,0,2010-4
Neutral Milk Hotel,0,2010-5
Neutral Milk Hotel,0,2010-6
Neutral Milk Hotel,0,2010-7
Neutral Milk Hotel,0,2010-8
Neutral Milk Hotel,0,2010-9
Neutral Milk Hotel,0,2010-10
Neutral Milk Hotel,0,2010-11
Neutral Milk Hotel,0,2010-12
Neutral Milk Hotel,0,2011-1
Neutral Milk Hotel,1,2011-2
Neutral Milk Hotel,0,2011-3
Neutral Milk Hotel,0,2011-4
Neutral Milk Hotel,0,2011-5
Neutral Milk Hotel,0,2011-6
Neutral Milk Hotel,0,2011-7
Neutral Milk Hotel,0,2011-8
Neutral Milk Hotel,0,2011-9
Neutral Milk Hotel,1,2011-10
Neutral Milk Hotel,0,2011-11
Neutral Milk Hotel,0,2011-12
Neutral Milk Hotel,1,2012-1
Neutral Milk Hotel,10,2012-2
Neutral Milk Hotel,0,2012-3
Neutral Milk Hotel,0,2012-4
Neutral Milk Hotel,2,2012-5
Neutral Milk Hotel,1,2012-6
Neutral Milk Hotel,3,2012-7
Neutral Milk Hotel,2,2012-8
Neutral Milk Hotel,2,2012-9
Neutral Milk Hotel,0,2012-10
Neutral Milk Hotel,0,2012-11
Neutral Milk Hotel,0,2012-12
Neutral Milk Hotel,0,2013-1
Neutral Milk Hotel,0,2013-2
Neutral Milk Hotel,0,2013-3
Neutral Milk Hotel,0,2013-4
Neutral Milk Hotel,0,2013-5
Neutral Milk Hotel,0,2013-6
Neutral Milk Hotel,0,2013-7
Neutral Milk Hotel,0,2013-8
Neutral Milk Hotel,0,2013-9
Neutral Milk Hotel,0,2013-10
Neutral Milk Hotel,0,2013-11
Neutral Milk Hotel,0,2013-12
Neutral Milk Hotel,0,2014-1
Neutral Milk Hotel,0,2014-2
Neutral Milk Hotel,1,2014-3
Neutral Milk Hotel,0,2014-4
Neutral Milk Hotel,0,2014-5
Neutral Milk Hotel,0,2014-6
Neutral Milk Hotel,11,2014-7
Neutral Milk Hotel,0,2014-8
Neutral Milk Hotel,7,2014-9
Neutral Milk Hotel,15,2014-10
Neutral Milk Hotel,19,2014-11
Neutral Milk Hotel,10,2014-12
Phoenix,0,2008-8
Phoenix,0,2008-9
Phoenix,0,2008-10
Phoenix,0,2008-11
Phoenix,0,2008-12
Phoenix,0,2009-1
Phoenix,0,2009-2
Phoenix,0,2009-3
Phoenix,0,2009-4
Phoenix,0,2009-5
Phoenix,0,2009-6
Phoenix,0,2009-7
Phoenix,0,2009-8
Phoenix,0,2009-9
Phoenix,0,2009-10
Phoenix,0,2009-11
Phoenix,0,2009-12
Phoenix,0,2010-1
Phoenix,0,2010-2
Phoenix,0,2010-3
Phoenix,0,2010-4
Phoenix,0,2010-5
Phoenix,0,2010-6
Phoenix,0,2010-7
Phoenix,0,2010-8
Phoenix,0,2010-9
Phoenix,0,2010-10
Phoenix,15,2010-11
Phoenix,8,2010-12
Phoenix,12,2011-1
Phoenix,4,2011-2
Phoenix,16,2011-3
Phoenix,0,2011-4
Phoenix,3,2011-5
Phoenix,0,2011-6
Phoenix,2,2011-7
Phoenix,1,2011-8
Phoenix,0,2011-9
Phoenix,1,2011-10
Phoenix,0,2011-11
Phoenix,3,2011-12
Phoenix,0,2012-1
Phoenix,1,2012-2
Phoenix,0,2012-3
Phoenix,3,2012-4
Phoenix,3,2012-5
Phoenix,1,2012-6
Phoenix,3,2012-7
Phoenix,0,2012-8
Phoenix,0,2012-9
Phoenix,0,2012-10
Phoenix,0,2012-11
Phoenix,0,2012-12
Phoenix,0,2013-1
Phoenix,0,2013-2
Phoenix,1,2013-3
Phoenix,4,2013-4
Phoenix,0,2013-5
Phoenix,13,2013-6
Phoenix,0,2013-7
Phoenix,1,2013-8
Phoenix,0,2013-9
Phoenix,0,2013-10
Phoenix,0,2013-11
Phoenix,0,2013-12
Phoenix,1,2014-1
Phoenix,0,2014-2
Phoenix,0,2014-3
Phoenix,0,2014-4
Phoenix,0,2014-5
Phoenix,0,2014-6
Phoenix,0,2014-7
Phoenix,0,2014-8
Phoenix,0,2014-9
Phoenix,4,2014-10
Phoenix,0,2014-11
Phoenix,0,2014-12
Mumford & Sons,0,2008-8
Mumford & Sons,0,2008-9
Mumford & Sons,0,2008-10
Mumford & Sons,0,2008-11
Mumford & Sons,0,2008-12
Mumford & Sons,0,2009-1
Mumford & Sons,0,2009-2
Mumford & Sons,0,2009-3
Mumford & Sons,0,2009-4
Mumford & Sons,0,2009-5
Mumford & Sons,0,2009-6
Mumford & Sons,0,2009-7
Mumford & Sons,0,2009-8
Mumford & Sons,0,2009-9
Mumford & Sons,0,2009-10
Mumford & Sons,0,2009-11
Mumford & Sons,0,2009-12
Mumford & Sons,0,2010-1
Mumford & Sons,0,2010-2
Mumford & Sons,0,2010-3
Mumford & Sons,0,2010-4
Mumford & Sons,0,2010-5
Mumford & Sons,0,2010-6
Mumford & Sons,0,2010-7
Mumford & Sons,0,2010-8
Mumford & Sons,0,2010-9
Mumford & Sons,0,2010-10
Mumford & Sons,1,2010-11
Mumford & Sons,37,2010-12
Mumford & Sons,31,2011-1
Mumford & Sons,2,2011-2
Mumford & Sons,0,2011-3
Mumford & Sons,6,2011-4
Mumford & Sons,1,2011-5
Mumford & Sons,1,2011-6
Mumford & Sons,0,2011-7
Mumford & Sons,0,2011-8
Mumford & Sons,0,2011-9
Mumford & Sons,1,2011-10
Mumford & Sons,0,2011-11
Mumford & Sons,2,2011-12
Mumford & Sons,0,2012-1
Mumford & Sons,0,2012-2
Mumford & Sons,0,2012-3
Mumford & Sons,0,2012-4
Mumford & Sons,0,2012-5
Mumford & Sons,0,2012-6
Mumford & Sons,0,2012-7
Mumford & Sons,0,2012-8
Mumford & Sons,0,2012-9
Mumford & Sons,0,2012-10
Mumford & Sons,9,2012-11
Mumford & Sons,0,2012-12
Mumford & Sons,0,2013-1
Mumford & Sons,3,2013-2
Mumford & Sons,0,2013-3
Mumford & Sons,0,2013-4
Mumford & Sons,0,2013-5
Mumford & Sons,0,2013-6
Mumford & Sons,0,2013-7
Mumford & Sons,0,2013-8
Mumford & Sons,0,2013-9
Mumford & Sons,0,2013-10
Mumford & Sons,0,2013-11
Mumford & Sons,0,2013-12
Mumford & Sons,0,2014-1
Mumford & Sons,0,2014-2
Mumford & Sons,0,2014-3
Mumford & Sons,0,2014-4
Mumford & Sons,0,2014-5
Mumford & Sons,0,2014-6
Mumford & Sons,0,2014-7
Mumford & Sons,0,2014-8
Mumford & Sons,0,2014-9
Mumford & Sons,0,2014-10
Mumford & Sons,6,2014-11
Mumford & Sons,0,2014-12
Felt,0,2008-8
Felt,0,2008-9
Felt,0,2008-10
Felt,0,2008-11
Felt,0,2008-12
Felt,0,2009-1
Felt,0,2009-2
Felt,0,2009-3
Felt,0,2009-4
Felt,0,2009-5
Felt,0,2009-6
Felt,0,2009-7
Felt,0,2009-8
Felt,0,2009-9
Felt,0,2009-10
Felt,0,2009-11
Felt,0,2009-12
Felt,0,2010-1
Felt,0,2010-2
Felt,0,2010-3
Felt,0,2010-4
Felt,0,2010-5
Felt,0,2010-6
Felt,0,2010-7
Felt,0,2010-8
Felt,0,2010-9
Felt,0,2010-10
Felt,0,2010-11
Felt,0,2010-12
Felt,0,2011-1
Felt,0,2011-2
Felt,0,2011-3
Felt,0,2011-4
Felt,0,2011-5
Felt,0,2011-6
Felt,0,2011-7
Felt,0,2011-8
Felt,0,2011-9
Felt,39,2011-10
Felt,1,2011-11
Felt,1,2011-12
Felt,0,2012-1
Felt,0,2012-2
Felt,0,2012-3
Felt,0,2012-4
Felt,2,2012-5
Felt,23,2012-6
Felt,13,2012-7
Felt,0,2012-8
Felt,4,2012-9
Felt,4,2012-10
Felt,6,2012-11
Felt,1,2012-12
Felt,0,2013-1
Felt,0,2013-2
Felt,0,2013-3
Felt,0,2013-4
Felt,0,2013-5
Felt,0,2013-6
Felt,4,2013-7
Felt,0,2013-8
Felt,0,2013-9
Felt,0,2013-10
Felt,0,2013-11
Felt,0,2013-12
Felt,0,2014-1
Felt,2,2014-2
Felt,0,2014-3
Felt,0,2014-4
Felt,0,2014-5
Felt,0,2014-6
Felt,0,2014-7
Felt,0,2014-8
Felt,0,2014-9
Felt,0,2014-10
Felt,0,2014-11
Felt,0,2014-12
Ducktails,0,2008-8
Ducktails,0,2008-9
Ducktails,0,2008-10
Ducktails,0,2008-11
Ducktails,0,2008-12
Ducktails,0,2009-1
Ducktails,0,2009-2
Ducktails,0,2009-3
Ducktails,0,2009-4
Ducktails,0,2009-5
Ducktails,0,2009-6
Ducktails,0,2009-7
Ducktails,0,2009-8
Ducktails,0,2009-9
Ducktails,0,2009-10
Ducktails,0,2009-11
Ducktails,0,2009-12
Ducktails,0,2010-1
Ducktails,0,2010-2
Ducktails,0,2010-3
Ducktails,0,2010-4
Ducktails,0,2010-5
Ducktails,0,2010-6
Ducktails,0,2010-7
Ducktails,0,2010-8
Ducktails,0,2010-9
Ducktails,0,2010-10
Ducktails,0,2010-11
Ducktails,0,2010-12
Ducktails,0,2011-1
Ducktails,0,2011-2
Ducktails,0,2011-3
Ducktails,0,2011-4
Ducktails,0,2011-5
Ducktails,0,2011-6
Ducktails,0,2011-7
Ducktails,0,2011-8
Ducktails,0,2011-9
Ducktails,0,2011-10
Ducktails,0,2011-11
Ducktails,0,2011-12
Ducktails,0,2012-1
Ducktails,0,2012-2
Ducktails,0,2012-3
Ducktails,0,2012-4
Ducktails,0,2012-5
Ducktails,0,2012-6
Ducktails,0,2012-7
Ducktails,0,2012-8
Ducktails,0,2012-9
Ducktails,0,2012-10
Ducktails,0,2012-11
Ducktails,0,2012-12
Ducktails,0,2013-1
Ducktails,1,2013-2
Ducktails,17,2013-3
Ducktails,1,2013-4
Ducktails,0,2013-5
Ducktails,10,2013-6
Ducktails,5,2013-7
Ducktails,3,2013-8
Ducktails,2,2013-9
Ducktails,2,2013-10
Ducktails,0,2013-11
Ducktails,0,2013-12
Ducktails,3,2014-1
Ducktails,6,2014-2
Ducktails,2,2014-3
Ducktails,0,2014-4
Ducktails,0,2014-5
Ducktails,10,2014-6
Ducktails,28,2014-7
Ducktails,10,2014-8
Ducktails,0,2014-9
Ducktails,0,2014-10
Ducktails,0,2014-11
Ducktails,0,2014-12
Bon Iver,0,2008-8
Bon Iver,0,2008-9
Bon Iver,0,2008-10
Bon Iver,0,2008-11
Bon Iver,0,2008-12
Bon Iver,0,2009-1
Bon Iver,0,2009-2
Bon Iver,0,2009-3
Bon Iver,0,2009-4
Bon Iver,0,2009-5
Bon Iver,0,2009-6
Bon Iver,0,2009-7
Bon Iver,0,2009-8
Bon Iver,0,2009-9
Bon Iver,0,2009-10
Bon Iver,0,2009-11
Bon Iver,0,2009-12
Bon Iver,0,2010-1
Bon Iver,0,2010-2
Bon Iver,0,2010-3
Bon Iver,0,2010-4
Bon Iver,0,2010-5
Bon Iver,0,2010-6
Bon Iver,0,2010-7
Bon Iver,0,2010-8
Bon Iver,0,2010-9
Bon Iver,0,2010-10
Bon Iver,0,2010-11
Bon Iver,0,2010-12
Bon Iver,1,2011-1
Bon Iver,1,2011-2
Bon Iver,0,2011-3
Bon Iver,0,2011-4
Bon Iver,2,2011-5
Bon Iver,6,2011-6
Bon Iver,14,2011-7
Bon Iver,2,2011-8
Bon Iver,2,2011-9
Bon Iver,6,2011-10
Bon Iver,0,2011-11
Bon Iver,1,2011-12
Bon Iver,0,2012-1
Bon Iver,0,2012-2
Bon Iver,0,2012-3
Bon Iver,3,2012-4
Bon Iver,1,2012-5
Bon Iver,0,2012-6
Bon Iver,0,2012-7
Bon Iver,0,2012-8
Bon Iver,13,2012-9
Bon Iver,0,2012-10
Bon Iver,0,2012-11
Bon Iver,0,2012-12
Bon Iver,0,2013-1
Bon Iver,0,2013-2
Bon Iver,0,2013-3
Bon Iver,0,2013-4
Bon Iver,0,2013-5
Bon Iver,0,2013-6
Bon Iver,0,2013-7
Bon Iver,0,2013-8
Bon Iver,0,2013-9
Bon Iver,0,2013-10
Bon Iver,13,2013-11
Bon Iver,0,2013-12
Bon Iver,0,2014-1
Bon Iver,1,2014-2
Bon Iver,9,2014-3
Bon Iver,0,2014-4
Bon Iver,18,2014-5
Bon Iver,0,2014-6
Bon Iver,0,2014-7
Bon Iver,5,2014-8
Bon Iver,0,2014-9
Bon Iver,1,2014-10
Bon Iver,0,2014-11
Bon Iver,0,2014-12
